dataset,seed,method,rounds_analyzed,group_entropy,min_group_exposure,pairwise_tv,complementarity_gain,type_coverage,selected_GSC,selected_GCI,selected_GAI,selection_entropy,effective_clients,frequency_cv,frequency_min,frequency_max,share_SC,share_AI,share_CI,dht_sc_r,dht_ai_r,dht_ci_r,global_accuracy,worst_group_accuracy
CMNIST GSC,42,FedDiverse,199,0.9563159065647246,0.6055834729201564,0.36728084868788385,0.22181810977008415,3.0,0.08249418684330932,0.0026689605060371104,0.0024386109861655333,0.8537940767861611,15.080515344866386,0.9468975822299074,9,198,0.41820212171970966,0.2004466778336125,0.3813512004466778,0.9541884626267029,-0.0022988736738696306,0.9999999999999999,95.56,93.69261477
CMNIST GSC,43,FedDiverse,199,0.9841479492270505,0.7565605806811836,0.4196538246789505,0.24965015243241023,2.9949748743718594,0.025780523860247834,0.0021527435398904717,0.003849386825736477,0.8451027584521524,14.669669435542312,0.9946293722468195,9,198,0.40312674483528754,0.20212171970965942,0.39475153545505304,0.9511538270421008,-0.03296780192311599,0.9999999999999999,95.78,94.58722741
CMNIST GSC,44,FedDiverse,199,0.9737699528520097,0.6350642099385818,0.40161920714684546,0.23927215605736904,3.0,0.034167386497873896,0.0036158181558758177,0.014992659819166495,0.8293012792428368,13.951180202382814,1.0394319817294302,8,198,0.42992741485203795,0.19374651032942491,0.37632607481853714,0.8989826634834505,-0.12351087184395942,0.9999999999999999,95.92,94.17165669
CMNIST GSC,42,Random,200,0.8991934599381,0.42488888888888887,0.2675555555555556,0.16469566314345932,2.69,0.19189739524925956,0.005346172842231895,0.005343884946346797,0.9992203247692469,23.940605219578497,0.0703430746281974,65,84,0.6822222222222222,0.15722222222222224,0.16055555555555556,nan,nan,nan,95.54,91.81636727
CMNIST GSC,43,Random,200,0.9015509985823958,0.4177777777777778,0.27188888888888896,0.16705320178775523,2.715,0.1862849301861211,0.006062301485788326,0.005575370614504115,0.9990922189692427,23.93086033356179,0.07591418156683877,63,88,0.6716666666666666,0.1638888888888889,0.16444444444444445,nan,nan,nan,95.66,91.85628743
CMNIST GSC,44,Random,200,0.9009351035001856,0.43199999999999994,0.27055555555555555,0.1664373067055451,2.69,0.1880197056226801,0.0054906797926388366,0.005660976594723433,0.9982668368937615,23.868169345008585,0.10666666666666667,64,95,0.68,0.16,0.16,nan,nan,nan,95.15,90.80996885
Spawrious GSC,42,Random,200,0.8967751567638251,0.4088888888888889,0.2640555555555556,0.1622773599691844,2.74,0.1951844517551184,0.005947702599652216,0.006520697030332765,0.99906305827983,23.928642662013566,0.07726817178094983,64,88,0.6788888888888889,0.15777777777777777,0.16333333333333333,nan,nan,nan,92.86277603,87.85488959
Spawrious GSC,43,Random,200,0.9055812467908839,0.44355555555555554,0.2788333333333334,0.17108344999624314,2.815,0.1777394336014845,0.006663373664031628,0.005460314149190986,0.9990143105930028,23.924935857483657,0.07878710178327038,63,84,0.6488888888888888,0.175,0.1761111111111111,nan,nan,nan,92.78391167,87.69716088
Spawrious GSC,44,Random,200,0.9023653579039825,0.43288888888888893,0.2723888888888889,0.16786756110934184,2.705,0.18554071020086474,0.005775575480859543,0.004917227782781268,0.9982422479640941,23.866304241171925,0.1063885262540962,61,95,0.6811111111111111,0.1622222222222222,0.15666666666666668,nan,nan,nan,92.98107256,87.69716088
Spawrious GSC,42,FedDiverse,199,0.9578158432618121,0.6198771635957565,0.3696817420435511,0.22331804646717174,2.9849246231155777,0.07812482257030856,0.003015404542984214,0.003532081387700722,0.846603534929231,14.7398042571474,0.9934777721027831,12,198,0.42266890005583474,0.19374651032942491,0.38358458961474035,0.8234843945298189,-0.08807709975943473,0.9999999999999999,92.86277603,89.27444795
Spawrious GSC,43,FedDiverse,199,0.9462457037641688,0.585036292573981,0.3491345616973757,0.2117479069695283,2.28643216080402,0.10300864682421564,0.0030399443561968747,0.0016925043787171857,0.8460285153713881,14.712892700598225,0.9993048638569121,10,199,0.5817978782802904,0.03294249022892239,0.3852596314907873,0.6292065708806825,-0.1715529601158746,0.9999999999999999,92.58675079,88.0126183
Spawrious GSC,44,FedDiverse,199,0.927362852271508,0.519821328866555,0.3142936906756002,0.19286505547686741,2.4522613065326633,0.1407122433405924,0.0021795827459524762,0.0027258580681502015,0.8450986999049948,14.669480223239022,1.0052321580915322,8,199,0.5438302624232273,0.05415968732551647,0.4020100502512563,0.46621048627287026,-0.14987229660321758,1.0,92.38958991,85.96214511
Spawrious GCI,42,Random,200,0.9020261627723982,0.43200000000000005,0.27161111111111114,0.16752836597775755,2.695,0.009739729971290155,0.1817468320152807,0.005433609139159291,0.9986598157288658,23.89799711226463,0.09181301448939376,58,90,0.16666666666666666,0.16,0.6733333333333333,nan,nan,nan,93.76971609,91.79810726
Spawrious GCI,43,Random,200,0.9004939974785233,0.4337777777777778,0.26977777777777784,0.16599620068388268,2.74,0.009163963821590985,0.1839106563138178,0.0068377886787094,0.9989030976728145,23.91648130685396,0.08388704928078611,65,89,0.17222222222222222,0.1661111111111111,0.6616666666666666,nan,nan,nan,93.53312303,88.80126183
Spawrious GCI,44,Random,200,0.906860467763505,0.4408888888888889,0.2806666666666667,0.17236267096886432,2.71,0.010329686405776535,0.17086176726436686,0.006062301485788326,0.9986708748422451,23.89883705696817,0.09213516640723503,59,93,0.15722222222222224,0.16666666666666666,0.6761111111111111,nan,nan,nan,93.21766562,88.32807571
Spawrious GCI,42,FedDiverse,199,0.9615819127095188,0.651144611948632,0.37733109994416536,0.22708411591487845,2.979899497487437,0.004280977375484544,0.0707351919862817,0.0019501529832206366,0.9126552729173957,18.182645330318103,0.7832589665761905,20,199,0.19821328866554996,0.3260748185371301,0.47571189279731996,0.6850595563590912,-0.11509544459683022,1.0,93.25709779,89.11671924
Spawrious GCI,43,FedDiverse,199,0.9537329879014376,0.6118369625907315,0.3629815745393636,0.2192351911067971,3.0,0.004808556908514233,0.07578061114883923,0.01213737075541457,0.9208747861827361,18.663871345380883,0.7457762241245983,19,198,0.2702400893355667,0.24232272473478503,0.48743718592964824,0.26207815502434456,-0.5799581027422033,1.0,94.04574132,92.58675079
Spawrious GCI,44,FedDiverse,199,0.9586155084727008,0.5528754885538806,0.37504187604690126,0.22411771167806044,2.7537688442211055,0.012859721141565503,0.06050942284723857,0.00992680989627127,0.916113563579443,18.38358634003697,0.7622974302814868,14,199,0.31881630374092684,0.15577889447236182,0.5254048017867113,0.41896602987473786,-0.457142327606747,1.0,93.80914826,91.48264984
Spawrious GAI,42,Random,200,0.7473384891173326,0.08878408934561371,0.30420867051764233,0.1329151724919971,2.39,0.05354645636565069,0.01728960445080415,0.4461523939750193,0.9989363815854057,24.914554960614694,0.08202679477907444,59,82,0.08611111111111111,0.7961111111111111,0.11777777777777777,nan,nan,nan,93.33596215,87.85488959
Spawrious GAI,43,Random,200,0.7466907152656705,0.08633261543464255,0.2970145667750032,0.13009182753019177,2.315,0.05281148592938279,0.017892796663037457,0.44758506723179037,0.9992126300308094,24.936719070950723,0.07092858519335392,61,80,0.07277777777777777,0.8055555555555556,0.12166666666666667,nan,nan,nan,92.50788644,83.4384858
Spawrious GAI,44,Random,200,0.7411137943815356,0.08797495266462078,0.2956035050545546,0.1287258504253912,2.285,0.052632250464128456,0.013419378712166339,0.46348461545985165,0.9983538250172865,24.867879529895603,0.1028153084628986,56,88,0.08277777777777778,0.8161111111111111,0.10111111111111111,nan,nan,nan,93.25709779,87.38170347
Spawrious GAI,42,FedDiverse,199,0.7634519934089897,0.09623421366335612,0.33915580534210926,0.15051009689060907,2.798994974874372,0.07156509916825253,0.013391998623718104,0.4023322346076036,0.8998237569714261,18.109215239387783,0.8270316535667923,12,199,0.17197096594081518,0.7035175879396985,0.12451144611948632,-0.15859416244604851,0.1337988807357139,1.0,92.2318612,84.54258675
Spawrious GAI,43,FedDiverse,199,0.7423516947429354,0.09841218728982758,0.33301721242933474,0.14627761739539893,2.557788944723618,0.07273094703245243,0.01335299832722324,0.4451790905758314,0.8972406962698957,17.95926946378693,0.8502648518632718,12,199,0.17197096594081518,0.7498604131769961,0.07816862088218872,-0.3763409372488151,0.08116772452979673,1.0,92.94164038,85.8044164
Spawrious GAI,44,FedDiverse,199,0.7485774782044075,0.09718980848104684,0.3522491287877457,0.15972129435982574,2.5678391959798996,0.05409164316230416,0.01163603623454724,0.44907492219662776,0.8951636300677159,17.83959755152217,0.8587925885911001,11,195,0.16917922948073702,0.7520938023450586,0.07872696817420435,-0.14699400096471896,0.19916807514134566,1.0,92.66561514,83.75394322
