dataset,seed,method,client_id,datasize,n_y0g0,n_y0g1,n_y1g0,n_y1g1,true_type,true_SC,true_AI,true_CI,signed_phi,predicted_SC,predicted_AI,predicted_CI,selected_rounds,selection_rate
CMNIST GSC,42,FedDiverse,0,200,90,90,10,10,CI,0.0,0.0,0.5310044064107189,0.0,0.05542704150286784,0.45643555968579363,0.5310044092961088,155,0.7788944723618091
CMNIST GSC,42,FedDiverse,1,200,90,90,10,10,CI,0.0,0.0,0.5310044064107189,0.0,0.2157273227804617,0.3538619270206438,0.5310044092961088,167,0.8391959798994975
CMNIST GSC,42,FedDiverse,2,200,10,10,90,90,CI,0.0,0.0,0.5310044064107189,0.0,0.0,1.000000001442695,0.5310044092961088,164,0.8241206030150754
CMNIST GSC,42,FedDiverse,3,200,10,10,90,90,CI,0.0,0.0,0.5310044064107189,0.0,0.012980609154187396,0.061545620282826285,0.5310044092961088,197,0.9899497487437185
CMNIST GSC,42,FedDiverse,4,200,90,10,90,10,AI,0.0,0.5310044064107189,0.0,0.0,0.27661378160078254,0.012225347569443157,2.8853900380099162e-09,27,0.135678391959799
CMNIST GSC,42,FedDiverse,5,200,90,10,90,10,AI,0.0,0.5310044064107189,0.0,0.0,0.18250624609870525,0.08004651152231024,2.8853900380099162e-09,124,0.6231155778894473
CMNIST GSC,42,FedDiverse,6,200,10,90,10,90,AI,0.0,0.5310044064107189,0.0,0.0,0.11126629901572224,0.2780719079980276,2.8853900380099162e-09,198,0.9949748743718593
CMNIST GSC,42,FedDiverse,7,200,10,90,10,90,AI,0.0,0.5310044064107189,0.0,0.0,0.2221396013275203,0.00028856113258013405,2.8853900380099162e-09,10,0.05025125628140704
CMNIST GSC,42,FedDiverse,8,200,90,10,10,90,SC,0.5310044064107188,0.0,0.0,0.8,0.5642054545534958,0.00028856113258013405,2.8853900380099162e-09,11,0.05527638190954774
CMNIST GSC,42,FedDiverse,9,200,90,10,10,90,SC,0.5310044064107188,0.0,0.0,0.8,0.5310044079428717,2.8853900380099162e-09,2.8853900380099162e-09,150,0.7537688442211056
CMNIST GSC,42,FedDiverse,10,200,90,10,10,90,SC,0.5310044064107188,0.0,0.0,0.8,0.6175938284689477,0.0006493130707798667,2.8853900380099162e-09,17,0.08542713567839195
CMNIST GSC,42,FedDiverse,11,200,90,10,10,90,SC,0.5310044064107188,0.0,0.0,0.8,0.5310044079428717,2.8853900380099162e-09,2.8853900380099162e-09,130,0.6532663316582915
CMNIST GSC,42,FedDiverse,12,200,90,10,10,90,SC,0.5310044064107188,0.0,0.0,0.8,0.5472148972323179,7.213883972845281e-05,2.8853900380099162e-09,18,0.09045226130653267
CMNIST GSC,42,FedDiverse,13,200,90,10,10,90,SC,0.5310044064107188,0.0,0.0,0.8,0.6349910048523025,0.00028856113258013405,2.8853900380099162e-09,16,0.08040201005025126
CMNIST GSC,42,FedDiverse,14,200,90,10,10,90,SC,0.5310044064107188,0.0,0.0,0.8,0.5310044079428717,2.8853900380099162e-09,2.8853900380099162e-09,133,0.6683417085427136
CMNIST GSC,42,FedDiverse,15,200,90,10,10,90,SC,0.5310044064107188,0.0,0.0,0.8,0.5642054545534958,0.00028856113258013405,2.8853900380099162e-09,13,0.06532663316582915
CMNIST GSC,42,FedDiverse,16,200,90,10,10,90,SC,0.5310044064107188,0.0,0.0,0.8,0.5662525922143528,0.001154466890188388,2.8853900380099162e-09,13,0.06532663316582915
CMNIST GSC,42,FedDiverse,17,200,90,10,10,90,SC,0.5310044064107188,0.0,0.0,0.8,0.5484811844235613,0.0006493130707798667,2.8853900380099162e-09,19,0.09547738693467336
CMNIST GSC,42,FedDiverse,18,200,90,10,10,90,SC,0.5310044064107188,0.0,0.0,0.8,0.642592559011833,0.0025984143176503993,2.8853900380099162e-09,30,0.1507537688442211
CMNIST GSC,42,FedDiverse,19,200,90,10,10,90,SC,0.5310044064107188,0.0,0.0,0.8,0.5484811844235613,0.0006493130707798667,2.8853900380099162e-09,15,0.07537688442211055
CMNIST GSC,42,FedDiverse,20,200,90,10,10,90,SC,0.5310044064107188,0.0,0.0,0.8,0.5850431864081161,0.0018041238425799966,2.8853900380099162e-09,20,0.10050251256281408
CMNIST GSC,42,FedDiverse,21,200,90,10,10,90,SC,0.5310044064107188,0.0,0.0,0.8,0.5315952537696745,0.00028856113258013405,2.8853900380099162e-09,14,0.07035175879396985
CMNIST GSC,42,FedDiverse,22,200,90,10,10,90,SC,0.5310044064107188,0.0,0.0,0.8,0.5310044079428717,2.8853900380099162e-09,2.8853900380099162e-09,141,0.7085427135678392
CMNIST GSC,42,FedDiverse,23,200,10,90,90,10,SC,0.5310044064107188,0.0,0.0,-0.8,0.5642054545534958,0.00028856113258013405,2.8853900380099162e-09,9,0.04522613065326633
CMNIST GSC,43,FedDiverse,0,200,90,90,10,10,CI,0.0,0.0,0.5310044064107189,0.0,0.16644451794706533,0.23080717387237637,0.5310044092961088,198,0.9949748743718593
CMNIST GSC,43,FedDiverse,1,200,90,90,10,10,CI,0.0,0.0,0.5310044064107189,0.0,0.1574998197306258,0.3199229571571103,0.5310044092961088,167,0.8391959798994975
CMNIST GSC,43,FedDiverse,2,200,10,10,90,90,CI,0.0,0.0,0.5310044064107189,0.0,0.0018788880349476082,0.6156884587588928,0.5310044092961088,167,0.8391959798994975
CMNIST GSC,43,FedDiverse,3,200,10,10,90,90,CI,0.0,0.0,0.5310044064107189,0.0,0.020587352271481164,0.31992295715711017,0.5310044092961088,175,0.8793969849246231
CMNIST GSC,43,FedDiverse,4,200,90,10,90,10,AI,0.0,0.5310044064107189,0.0,0.0,0.28524780374960135,0.08004651152231035,2.8853900380099162e-09,118,0.592964824120603
CMNIST GSC,43,FedDiverse,5,200,90,10,90,10,AI,0.0,0.5310044064107189,0.0,0.0,0.2501656746986731,0.0018041238425799966,2.8853900380099162e-09,17,0.08542713567839195
CMNIST GSC,43,FedDiverse,6,200,10,90,10,90,AI,0.0,0.5310044064107189,0.0,0.0,0.15496992919492986,0.15853536667721435,2.8853900380099162e-09,196,0.9849246231155779
CMNIST GSC,43,FedDiverse,7,200,10,90,10,90,AI,0.0,0.5310044064107189,0.0,0.0,0.24407152222289522,0.007225548897581757,2.8853900380099162e-09,31,0.15577889447236182
CMNIST GSC,43,FedDiverse,8,200,90,10,10,90,SC,0.5310044064107188,0.0,0.0,0.8,0.5820800445001881,0.0006493130707798667,2.8853900380099162e-09,18,0.09045226130653267
CMNIST GSC,43,FedDiverse,9,200,90,10,10,90,SC,0.5310044064107188,0.0,0.0,0.8,0.5310044079428717,2.8853900380099162e-09,2.8853900380099162e-09,168,0.8442211055276382
CMNIST GSC,43,FedDiverse,10,200,90,10,10,90,SC,0.5310044064107188,0.0,0.0,0.8,0.5642054545534958,0.00028856113258013405,2.8853900380099162e-09,24,0.12060301507537688
CMNIST GSC,43,FedDiverse,11,200,90,10,10,90,SC,0.5310044064107188,0.0,0.0,0.8,0.5850431864081161,0.0018041238425799966,2.8853900380099162e-09,27,0.135678391959799
CMNIST GSC,43,FedDiverse,12,200,90,10,10,90,SC,0.5310044064107188,0.0,0.0,0.8,0.5642054545534958,0.00028856113258013405,2.8853900380099162e-09,21,0.10552763819095477
CMNIST GSC,43,FedDiverse,13,200,90,10,10,90,SC,0.5310044064107188,0.0,0.0,0.8,0.5642054545534958,0.00028856113258013405,2.8853900380099162e-09,9,0.04522613065326633
CMNIST GSC,43,FedDiverse,14,200,90,10,10,90,SC,0.5310044064107188,0.0,0.0,0.8,0.5472148972323179,7.213883972845281e-05,2.8853900380099162e-09,12,0.06030150753768844
CMNIST GSC,43,FedDiverse,15,200,90,10,10,90,SC,0.5310044064107188,0.0,0.0,0.8,0.5472148972323179,7.213883972845281e-05,2.8853900380099162e-09,12,0.06030150753768844
CMNIST GSC,43,FedDiverse,16,200,90,10,10,90,SC,0.5310044064107188,0.0,0.0,0.8,0.5472148972323179,7.213883972845281e-05,2.8853900380099162e-09,11,0.05527638190954774
CMNIST GSC,43,FedDiverse,17,200,90,10,10,90,SC,0.5310044064107188,0.0,0.0,0.8,0.5472148972323179,7.213883972845281e-05,2.8853900380099162e-09,19,0.09547738693467336
CMNIST GSC,43,FedDiverse,18,200,90,10,10,90,SC,0.5310044064107188,0.0,0.0,0.8,0.5662525922143528,0.001154466890188388,2.8853900380099162e-09,13,0.06532663316582915
CMNIST GSC,43,FedDiverse,19,200,90,10,10,90,SC,0.5310044064107188,0.0,0.0,0.8,0.47622748977612805,0.012225347569443157,2.8853900380099162e-09,25,0.12562814070351758
CMNIST GSC,43,FedDiverse,20,200,90,10,10,90,SC,0.5310044064107188,0.0,0.0,0.8,0.5472148972323179,7.213883972845281e-05,2.8853900380099162e-09,17,0.08542713567839195
CMNIST GSC,43,FedDiverse,21,200,90,10,10,90,SC,0.5310044064107188,0.0,0.0,0.8,0.5310044079428717,2.8853900380099162e-09,2.8853900380099162e-09,160,0.8040201005025126
CMNIST GSC,43,FedDiverse,22,200,90,10,10,90,SC,0.5310044064107188,0.0,0.0,0.8,0.5642054545534958,0.00028856113258013405,2.8853900380099162e-09,17,0.08542713567839195
CMNIST GSC,43,FedDiverse,23,200,10,90,90,10,SC,0.5310044064107188,0.0,0.0,-0.8,0.5310044079428717,2.8853900380099162e-09,2.8853900380099162e-09,169,0.8492462311557789
CMNIST GSC,44,FedDiverse,0,200,90,90,10,10,CI,0.0,0.0,0.5310044064107189,0.0,0.31591235242662424,0.4157611912425341,0.5310044092961088,145,0.7286432160804021
CMNIST GSC,44,FedDiverse,1,200,90,90,10,10,CI,0.0,0.0,0.5310044064107189,0.0,0.2603154169356578,0.30910613145034926,0.5310044092961088,155,0.7788944723618091
CMNIST GSC,44,FedDiverse,2,200,10,10,90,90,CI,0.0,0.0,0.5310044064107189,0.0,0.08734267712472499,0.018546107851736493,0.5310044092961088,198,0.9949748743718593
CMNIST GSC,44,FedDiverse,3,200,10,10,90,90,CI,0.0,0.0,0.5310044064107189,0.0,0.22398768715616912,0.2133738929147887,0.5310044092961088,176,0.8844221105527639
CMNIST GSC,44,FedDiverse,4,200,90,10,90,10,AI,0.0,0.5310044064107189,0.0,0.0,0.36092681864533266,0.018546107851736604,2.8853900380099162e-09,126,0.6331658291457286
CMNIST GSC,44,FedDiverse,5,200,90,10,90,10,AI,0.0,0.5310044064107189,0.0,0.0,0.21219751107529025,0.032049467191750614,2.8853900380099162e-09,197,0.9899497487437185
CMNIST GSC,44,FedDiverse,6,200,10,90,10,90,AI,0.0,0.5310044064107189,0.0,0.0,0.3425675679052968,0.00028856113258013405,2.8853900380099162e-09,13,0.06532663316582915
CMNIST GSC,44,FedDiverse,7,200,10,90,10,90,AI,0.0,0.5310044064107189,0.0,0.0,0.42910484389208653,7.213883972845281e-05,2.8853900380099162e-09,11,0.05527638190954774
CMNIST GSC,44,FedDiverse,8,200,90,10,10,90,SC,0.5310044064107188,0.0,0.0,0.8,0.5310044079428717,2.8853900380099162e-09,2.8853900380099162e-09,195,0.9798994974874372
CMNIST GSC,44,FedDiverse,9,200,90,10,10,90,SC,0.5310044064107188,0.0,0.0,0.8,0.5310044079428717,2.8853900380099162e-09,2.8853900380099162e-09,197,0.9899497487437185
CMNIST GSC,44,FedDiverse,10,200,90,10,10,90,SC,0.5310044064107188,0.0,0.0,0.8,0.6770006347382836,0.001154466890188388,2.8853900380099162e-09,41,0.20603015075376885
CMNIST GSC,44,FedDiverse,11,200,90,10,10,90,SC,0.5310044064107188,0.0,0.0,0.8,0.6175938284689477,0.0006493130707798667,2.8853900380099162e-09,11,0.05527638190954774
CMNIST GSC,44,FedDiverse,12,200,90,10,10,90,SC,0.5310044064107188,0.0,0.0,0.8,0.5642054545534958,0.00028856113258013405,2.8853900380099162e-09,11,0.05527638190954774
CMNIST GSC,44,FedDiverse,13,200,90,10,10,90,SC,0.5310044064107188,0.0,0.0,0.8,0.5820800445001881,0.0006493130707798667,2.8853900380099162e-09,18,0.09045226130653267
CMNIST GSC,44,FedDiverse,14,200,90,10,10,90,SC,0.5310044064107188,0.0,0.0,0.8,0.5472148972323179,7.213883972845281e-05,2.8853900380099162e-09,15,0.07537688442211055
CMNIST GSC,44,FedDiverse,15,200,90,10,10,90,SC,0.5310044064107188,0.0,0.0,0.8,0.5472148972323179,7.213883972845281e-05,2.8853900380099162e-09,14,0.07035175879396985
CMNIST GSC,44,FedDiverse,16,200,90,10,10,90,SC,0.5310044064107188,0.0,0.0,0.8,0.5154906823623111,7.213883972845281e-05,2.8853900380099162e-09,19,0.09547738693467336
CMNIST GSC,44,FedDiverse,17,200,90,10,10,90,SC,0.5310044064107188,0.0,0.0,0.8,0.5472148972323179,7.213883972845281e-05,2.8853900380099162e-09,17,0.08542713567839195
CMNIST GSC,44,FedDiverse,18,200,90,10,10,90,SC,0.5310044064107188,0.0,0.0,0.8,0.5315952537696745,0.00028856113258013405,2.8853900380099162e-09,8,0.04020100502512563
CMNIST GSC,44,FedDiverse,19,200,90,10,10,90,SC,0.5310044064107188,0.0,0.0,0.8,0.5820800445001881,0.0006493130707798667,2.8853900380099162e-09,10,0.05025125628140704
CMNIST GSC,44,FedDiverse,20,200,90,10,10,90,SC,0.5310044064107188,0.0,0.0,0.8,0.5820800445001881,0.0006493130707798667,2.8853900380099162e-09,25,0.12562814070351758
CMNIST GSC,44,FedDiverse,21,200,90,10,10,90,SC,0.5310044064107188,0.0,0.0,0.8,0.5472148972323179,7.213883972845281e-05,2.8853900380099162e-09,14,0.07035175879396985
CMNIST GSC,44,FedDiverse,22,200,90,10,10,90,SC,0.5310044064107188,0.0,0.0,0.8,0.5472148972323179,7.213883972845281e-05,2.8853900380099162e-09,12,0.06030150753768844
CMNIST GSC,44,FedDiverse,23,200,10,90,90,10,SC,0.5310044064107188,0.0,0.0,-0.8,0.5806243040319431,7.213883972845281e-05,2.8853900380099162e-09,163,0.8190954773869347
CMNIST GSC,42,Random,0,200,90,90,10,10,CI,0.0,0.0,0.5310044064107189,0.0,nan,nan,nan,65,0.325
CMNIST GSC,42,Random,1,200,90,90,10,10,CI,0.0,0.0,0.5310044064107189,0.0,nan,nan,nan,76,0.38
CMNIST GSC,42,Random,2,200,10,10,90,90,CI,0.0,0.0,0.5310044064107189,0.0,nan,nan,nan,74,0.37
CMNIST GSC,42,Random,3,200,10,10,90,90,CI,0.0,0.0,0.5310044064107189,0.0,nan,nan,nan,74,0.37
CMNIST GSC,42,Random,4,200,90,10,90,10,AI,0.0,0.5310044064107189,0.0,0.0,nan,nan,nan,71,0.355
CMNIST GSC,42,Random,5,200,90,10,90,10,AI,0.0,0.5310044064107189,0.0,0.0,nan,nan,nan,68,0.34
CMNIST GSC,42,Random,6,200,10,90,10,90,AI,0.0,0.5310044064107189,0.0,0.0,nan,nan,nan,68,0.34
CMNIST GSC,42,Random,7,200,10,90,10,90,AI,0.0,0.5310044064107189,0.0,0.0,nan,nan,nan,76,0.38
CMNIST GSC,42,Random,8,200,90,10,10,90,SC,0.5310044064107188,0.0,0.0,0.8,nan,nan,nan,84,0.42
CMNIST GSC,42,Random,9,200,90,10,10,90,SC,0.5310044064107188,0.0,0.0,0.8,nan,nan,nan,69,0.345
CMNIST GSC,42,Random,10,200,90,10,10,90,SC,0.5310044064107188,0.0,0.0,0.8,nan,nan,nan,70,0.35
CMNIST GSC,42,Random,11,200,90,10,10,90,SC,0.5310044064107188,0.0,0.0,0.8,nan,nan,nan,71,0.355
CMNIST GSC,42,Random,12,200,90,10,10,90,SC,0.5310044064107188,0.0,0.0,0.8,nan,nan,nan,81,0.405
CMNIST GSC,42,Random,13,200,90,10,10,90,SC,0.5310044064107188,0.0,0.0,0.8,nan,nan,nan,70,0.35
CMNIST GSC,42,Random,14,200,90,10,10,90,SC,0.5310044064107188,0.0,0.0,0.8,nan,nan,nan,71,0.355
CMNIST GSC,42,Random,15,200,90,10,10,90,SC,0.5310044064107188,0.0,0.0,0.8,nan,nan,nan,80,0.4
CMNIST GSC,42,Random,16,200,90,10,10,90,SC,0.5310044064107188,0.0,0.0,0.8,nan,nan,nan,79,0.395
CMNIST GSC,42,Random,17,200,90,10,10,90,SC,0.5310044064107188,0.0,0.0,0.8,nan,nan,nan,76,0.38
CMNIST GSC,42,Random,18,200,90,10,10,90,SC,0.5310044064107188,0.0,0.0,0.8,nan,nan,nan,79,0.395
CMNIST GSC,42,Random,19,200,90,10,10,90,SC,0.5310044064107188,0.0,0.0,0.8,nan,nan,nan,83,0.415
CMNIST GSC,42,Random,20,200,90,10,10,90,SC,0.5310044064107188,0.0,0.0,0.8,nan,nan,nan,80,0.4
CMNIST GSC,42,Random,21,200,90,10,10,90,SC,0.5310044064107188,0.0,0.0,0.8,nan,nan,nan,83,0.415
CMNIST GSC,42,Random,22,200,90,10,10,90,SC,0.5310044064107188,0.0,0.0,0.8,nan,nan,nan,77,0.385
CMNIST GSC,42,Random,23,200,10,90,90,10,SC,0.5310044064107188,0.0,0.0,-0.8,nan,nan,nan,75,0.375
CMNIST GSC,43,Random,0,200,90,90,10,10,CI,0.0,0.0,0.5310044064107189,0.0,nan,nan,nan,83,0.415
CMNIST GSC,43,Random,1,200,90,90,10,10,CI,0.0,0.0,0.5310044064107189,0.0,nan,nan,nan,78,0.39
CMNIST GSC,43,Random,2,200,10,10,90,90,CI,0.0,0.0,0.5310044064107189,0.0,nan,nan,nan,72,0.36
CMNIST GSC,43,Random,3,200,10,10,90,90,CI,0.0,0.0,0.5310044064107189,0.0,nan,nan,nan,63,0.315
CMNIST GSC,43,Random,4,200,90,10,90,10,AI,0.0,0.5310044064107189,0.0,0.0,nan,nan,nan,79,0.395
CMNIST GSC,43,Random,5,200,90,10,90,10,AI,0.0,0.5310044064107189,0.0,0.0,nan,nan,nan,70,0.35
CMNIST GSC,43,Random,6,200,10,90,10,90,AI,0.0,0.5310044064107189,0.0,0.0,nan,nan,nan,74,0.37
CMNIST GSC,43,Random,7,200,10,90,10,90,AI,0.0,0.5310044064107189,0.0,0.0,nan,nan,nan,72,0.36
CMNIST GSC,43,Random,8,200,90,10,10,90,SC,0.5310044064107188,0.0,0.0,0.8,nan,nan,nan,73,0.365
CMNIST GSC,43,Random,9,200,90,10,10,90,SC,0.5310044064107188,0.0,0.0,0.8,nan,nan,nan,66,0.33
CMNIST GSC,43,Random,10,200,90,10,10,90,SC,0.5310044064107188,0.0,0.0,0.8,nan,nan,nan,76,0.38
CMNIST GSC,43,Random,11,200,90,10,10,90,SC,0.5310044064107188,0.0,0.0,0.8,nan,nan,nan,80,0.4
CMNIST GSC,43,Random,12,200,90,10,10,90,SC,0.5310044064107188,0.0,0.0,0.8,nan,nan,nan,70,0.35
CMNIST GSC,43,Random,13,200,90,10,10,90,SC,0.5310044064107188,0.0,0.0,0.8,nan,nan,nan,79,0.395
CMNIST GSC,43,Random,14,200,90,10,10,90,SC,0.5310044064107188,0.0,0.0,0.8,nan,nan,nan,72,0.36
CMNIST GSC,43,Random,15,200,90,10,10,90,SC,0.5310044064107188,0.0,0.0,0.8,nan,nan,nan,73,0.365
CMNIST GSC,43,Random,16,200,90,10,10,90,SC,0.5310044064107188,0.0,0.0,0.8,nan,nan,nan,82,0.41
CMNIST GSC,43,Random,17,200,90,10,10,90,SC,0.5310044064107188,0.0,0.0,0.8,nan,nan,nan,78,0.39
CMNIST GSC,43,Random,18,200,90,10,10,90,SC,0.5310044064107188,0.0,0.0,0.8,nan,nan,nan,67,0.335
CMNIST GSC,43,Random,19,200,90,10,10,90,SC,0.5310044064107188,0.0,0.0,0.8,nan,nan,nan,77,0.385
CMNIST GSC,43,Random,20,200,90,10,10,90,SC,0.5310044064107188,0.0,0.0,0.8,nan,nan,nan,81,0.405
CMNIST GSC,43,Random,21,200,90,10,10,90,SC,0.5310044064107188,0.0,0.0,0.8,nan,nan,nan,88,0.44
CMNIST GSC,43,Random,22,200,90,10,10,90,SC,0.5310044064107188,0.0,0.0,0.8,nan,nan,nan,74,0.37
CMNIST GSC,43,Random,23,200,10,90,90,10,SC,0.5310044064107188,0.0,0.0,-0.8,nan,nan,nan,73,0.365
CMNIST GSC,44,Random,0,200,90,90,10,10,CI,0.0,0.0,0.5310044064107189,0.0,nan,nan,nan,71,0.355
CMNIST GSC,44,Random,1,200,90,90,10,10,CI,0.0,0.0,0.5310044064107189,0.0,nan,nan,nan,68,0.34
CMNIST GSC,44,Random,2,200,10,10,90,90,CI,0.0,0.0,0.5310044064107189,0.0,nan,nan,nan,83,0.415
CMNIST GSC,44,Random,3,200,10,10,90,90,CI,0.0,0.0,0.5310044064107189,0.0,nan,nan,nan,66,0.33
CMNIST GSC,44,Random,4,200,90,10,90,10,AI,0.0,0.5310044064107189,0.0,0.0,nan,nan,nan,70,0.35
CMNIST GSC,44,Random,5,200,90,10,90,10,AI,0.0,0.5310044064107189,0.0,0.0,nan,nan,nan,68,0.34
CMNIST GSC,44,Random,6,200,10,90,10,90,AI,0.0,0.5310044064107189,0.0,0.0,nan,nan,nan,75,0.375
CMNIST GSC,44,Random,7,200,10,90,10,90,AI,0.0,0.5310044064107189,0.0,0.0,nan,nan,nan,75,0.375
CMNIST GSC,44,Random,8,200,90,10,10,90,SC,0.5310044064107188,0.0,0.0,0.8,nan,nan,nan,76,0.38
CMNIST GSC,44,Random,9,200,90,10,10,90,SC,0.5310044064107188,0.0,0.0,0.8,nan,nan,nan,69,0.345
CMNIST GSC,44,Random,10,200,90,10,10,90,SC,0.5310044064107188,0.0,0.0,0.8,nan,nan,nan,64,0.32
CMNIST GSC,44,Random,11,200,90,10,10,90,SC,0.5310044064107188,0.0,0.0,0.8,nan,nan,nan,69,0.345
CMNIST GSC,44,Random,12,200,90,10,10,90,SC,0.5310044064107188,0.0,0.0,0.8,nan,nan,nan,93,0.465
CMNIST GSC,44,Random,13,200,90,10,10,90,SC,0.5310044064107188,0.0,0.0,0.8,nan,nan,nan,72,0.36
CMNIST GSC,44,Random,14,200,90,10,10,90,SC,0.5310044064107188,0.0,0.0,0.8,nan,nan,nan,85,0.425
CMNIST GSC,44,Random,15,200,90,10,10,90,SC,0.5310044064107188,0.0,0.0,0.8,nan,nan,nan,71,0.355
CMNIST GSC,44,Random,16,200,90,10,10,90,SC,0.5310044064107188,0.0,0.0,0.8,nan,nan,nan,68,0.34
CMNIST GSC,44,Random,17,200,90,10,10,90,SC,0.5310044064107188,0.0,0.0,0.8,nan,nan,nan,79,0.395
CMNIST GSC,44,Random,18,200,90,10,10,90,SC,0.5310044064107188,0.0,0.0,0.8,nan,nan,nan,74,0.37
CMNIST GSC,44,Random,19,200,90,10,10,90,SC,0.5310044064107188,0.0,0.0,0.8,nan,nan,nan,95,0.475
CMNIST GSC,44,Random,20,200,90,10,10,90,SC,0.5310044064107188,0.0,0.0,0.8,nan,nan,nan,73,0.365
CMNIST GSC,44,Random,21,200,90,10,10,90,SC,0.5310044064107188,0.0,0.0,0.8,nan,nan,nan,72,0.36
CMNIST GSC,44,Random,22,200,90,10,10,90,SC,0.5310044064107188,0.0,0.0,0.8,nan,nan,nan,86,0.43
CMNIST GSC,44,Random,23,200,10,90,90,10,SC,0.5310044064107188,0.0,0.0,-0.8,nan,nan,nan,78,0.39
Spawrious GSC,42,Random,0,200,90,90,10,10,CI,0.0,0.0,0.5310044064107189,0.0,nan,nan,nan,64,0.32
Spawrious GSC,42,Random,1,200,90,90,10,10,CI,0.0,0.0,0.5310044064107189,0.0,nan,nan,nan,73,0.365
Spawrious GSC,42,Random,2,200,10,10,90,90,CI,0.0,0.0,0.5310044064107189,0.0,nan,nan,nan,78,0.39
Spawrious GSC,42,Random,3,200,10,10,90,90,CI,0.0,0.0,0.5310044064107189,0.0,nan,nan,nan,79,0.395
Spawrious GSC,42,Random,4,200,90,10,90,10,AI,0.0,0.5310044064107189,0.0,0.0,nan,nan,nan,71,0.355
Spawrious GSC,42,Random,5,200,90,10,90,10,AI,0.0,0.5310044064107189,0.0,0.0,nan,nan,nan,66,0.33
Spawrious GSC,42,Random,6,200,10,90,10,90,AI,0.0,0.5310044064107189,0.0,0.0,nan,nan,nan,73,0.365
Spawrious GSC,42,Random,7,200,10,90,10,90,AI,0.0,0.5310044064107189,0.0,0.0,nan,nan,nan,74,0.37
Spawrious GSC,42,Random,8,200,90,10,10,90,SC,0.5310044064107188,0.0,0.0,0.8,nan,nan,nan,72,0.36
Spawrious GSC,42,Random,9,200,90,10,10,90,SC,0.5310044064107188,0.0,0.0,0.8,nan,nan,nan,80,0.4
Spawrious GSC,42,Random,10,200,90,10,10,90,SC,0.5310044064107188,0.0,0.0,0.8,nan,nan,nan,69,0.345
Spawrious GSC,42,Random,11,200,90,10,10,90,SC,0.5310044064107188,0.0,0.0,0.8,nan,nan,nan,82,0.41
Spawrious GSC,42,Random,12,200,90,10,10,90,SC,0.5310044064107188,0.0,0.0,0.8,nan,nan,nan,70,0.35
Spawrious GSC,42,Random,13,200,90,10,10,90,SC,0.5310044064107188,0.0,0.0,0.8,nan,nan,nan,73,0.365
Spawrious GSC,42,Random,14,200,90,10,10,90,SC,0.5310044064107188,0.0,0.0,0.8,nan,nan,nan,88,0.44
Spawrious GSC,42,Random,15,200,90,10,10,90,SC,0.5310044064107188,0.0,0.0,0.8,nan,nan,nan,75,0.375
Spawrious GSC,42,Random,16,200,90,10,10,90,SC,0.5310044064107188,0.0,0.0,0.8,nan,nan,nan,77,0.385
Spawrious GSC,42,Random,17,200,90,10,10,90,SC,0.5310044064107188,0.0,0.0,0.8,nan,nan,nan,80,0.4
Spawrious GSC,42,Random,18,200,90,10,10,90,SC,0.5310044064107188,0.0,0.0,0.8,nan,nan,nan,72,0.36
Spawrious GSC,42,Random,19,200,90,10,10,90,SC,0.5310044064107188,0.0,0.0,0.8,nan,nan,nan,84,0.42
Spawrious GSC,42,Random,20,200,90,10,10,90,SC,0.5310044064107188,0.0,0.0,0.8,nan,nan,nan,82,0.41
Spawrious GSC,42,Random,21,200,90,10,10,90,SC,0.5310044064107188,0.0,0.0,0.8,nan,nan,nan,74,0.37
Spawrious GSC,42,Random,22,200,90,10,10,90,SC,0.5310044064107188,0.0,0.0,0.8,nan,nan,nan,77,0.385
Spawrious GSC,42,Random,23,200,10,90,90,10,SC,0.5310044064107188,0.0,0.0,-0.8,nan,nan,nan,67,0.335
Spawrious GSC,43,Random,0,200,90,90,10,10,CI,0.0,0.0,0.5310044064107189,0.0,nan,nan,nan,80,0.4
Spawrious GSC,43,Random,1,200,90,90,10,10,CI,0.0,0.0,0.5310044064107189,0.0,nan,nan,nan,83,0.415
Spawrious GSC,43,Random,2,200,10,10,90,90,CI,0.0,0.0,0.5310044064107189,0.0,nan,nan,nan,72,0.36
Spawrious GSC,43,Random,3,200,10,10,90,90,CI,0.0,0.0,0.5310044064107189,0.0,nan,nan,nan,82,0.41
Spawrious GSC,43,Random,4,200,90,10,90,10,AI,0.0,0.5310044064107189,0.0,0.0,nan,nan,nan,72,0.36
Spawrious GSC,43,Random,5,200,90,10,90,10,AI,0.0,0.5310044064107189,0.0,0.0,nan,nan,nan,80,0.4
Spawrious GSC,43,Random,6,200,10,90,10,90,AI,0.0,0.5310044064107189,0.0,0.0,nan,nan,nan,80,0.4
Spawrious GSC,43,Random,7,200,10,90,10,90,AI,0.0,0.5310044064107189,0.0,0.0,nan,nan,nan,83,0.415
Spawrious GSC,43,Random,8,200,90,10,10,90,SC,0.5310044064107188,0.0,0.0,0.8,nan,nan,nan,82,0.41
Spawrious GSC,43,Random,9,200,90,10,10,90,SC,0.5310044064107188,0.0,0.0,0.8,nan,nan,nan,72,0.36
Spawrious GSC,43,Random,10,200,90,10,10,90,SC,0.5310044064107188,0.0,0.0,0.8,nan,nan,nan,75,0.375
Spawrious GSC,43,Random,11,200,90,10,10,90,SC,0.5310044064107188,0.0,0.0,0.8,nan,nan,nan,65,0.325
Spawrious GSC,43,Random,12,200,90,10,10,90,SC,0.5310044064107188,0.0,0.0,0.8,nan,nan,nan,71,0.355
Spawrious GSC,43,Random,13,200,90,10,10,90,SC,0.5310044064107188,0.0,0.0,0.8,nan,nan,nan,70,0.35
Spawrious GSC,43,Random,14,200,90,10,10,90,SC,0.5310044064107188,0.0,0.0,0.8,nan,nan,nan,75,0.375
Spawrious GSC,43,Random,15,200,90,10,10,90,SC,0.5310044064107188,0.0,0.0,0.8,nan,nan,nan,75,0.375
Spawrious GSC,43,Random,16,200,90,10,10,90,SC,0.5310044064107188,0.0,0.0,0.8,nan,nan,nan,76,0.38
Spawrious GSC,43,Random,17,200,90,10,10,90,SC,0.5310044064107188,0.0,0.0,0.8,nan,nan,nan,78,0.39
Spawrious GSC,43,Random,18,200,90,10,10,90,SC,0.5310044064107188,0.0,0.0,0.8,nan,nan,nan,75,0.375
Spawrious GSC,43,Random,19,200,90,10,10,90,SC,0.5310044064107188,0.0,0.0,0.8,nan,nan,nan,63,0.315
Spawrious GSC,43,Random,20,200,90,10,10,90,SC,0.5310044064107188,0.0,0.0,0.8,nan,nan,nan,65,0.325
Spawrious GSC,43,Random,21,200,90,10,10,90,SC,0.5310044064107188,0.0,0.0,0.8,nan,nan,nan,84,0.42
Spawrious GSC,43,Random,22,200,90,10,10,90,SC,0.5310044064107188,0.0,0.0,0.8,nan,nan,nan,72,0.36
Spawrious GSC,43,Random,23,200,10,90,90,10,SC,0.5310044064107188,0.0,0.0,-0.8,nan,nan,nan,70,0.35
Spawrious GSC,44,Random,0,200,90,90,10,10,CI,0.0,0.0,0.5310044064107189,0.0,nan,nan,nan,65,0.325
Spawrious GSC,44,Random,1,200,90,90,10,10,CI,0.0,0.0,0.5310044064107189,0.0,nan,nan,nan,67,0.335
Spawrious GSC,44,Random,2,200,10,10,90,90,CI,0.0,0.0,0.5310044064107189,0.0,nan,nan,nan,74,0.37
Spawrious GSC,44,Random,3,200,10,10,90,90,CI,0.0,0.0,0.5310044064107189,0.0,nan,nan,nan,76,0.38
Spawrious GSC,44,Random,4,200,90,10,90,10,AI,0.0,0.5310044064107189,0.0,0.0,nan,nan,nan,84,0.42
Spawrious GSC,44,Random,5,200,90,10,90,10,AI,0.0,0.5310044064107189,0.0,0.0,nan,nan,nan,72,0.36
Spawrious GSC,44,Random,6,200,10,90,10,90,AI,0.0,0.5310044064107189,0.0,0.0,nan,nan,nan,64,0.32
Spawrious GSC,44,Random,7,200,10,90,10,90,AI,0.0,0.5310044064107189,0.0,0.0,nan,nan,nan,72,0.36
Spawrious GSC,44,Random,8,200,90,10,10,90,SC,0.5310044064107188,0.0,0.0,0.8,nan,nan,nan,89,0.445
Spawrious GSC,44,Random,9,200,90,10,10,90,SC,0.5310044064107188,0.0,0.0,0.8,nan,nan,nan,79,0.395
Spawrious GSC,44,Random,10,200,90,10,10,90,SC,0.5310044064107188,0.0,0.0,0.8,nan,nan,nan,74,0.37
Spawrious GSC,44,Random,11,200,90,10,10,90,SC,0.5310044064107188,0.0,0.0,0.8,nan,nan,nan,68,0.34
Spawrious GSC,44,Random,12,200,90,10,10,90,SC,0.5310044064107188,0.0,0.0,0.8,nan,nan,nan,74,0.37
Spawrious GSC,44,Random,13,200,90,10,10,90,SC,0.5310044064107188,0.0,0.0,0.8,nan,nan,nan,78,0.39
Spawrious GSC,44,Random,14,200,90,10,10,90,SC,0.5310044064107188,0.0,0.0,0.8,nan,nan,nan,83,0.415
Spawrious GSC,44,Random,15,200,90,10,10,90,SC,0.5310044064107188,0.0,0.0,0.8,nan,nan,nan,61,0.305
Spawrious GSC,44,Random,16,200,90,10,10,90,SC,0.5310044064107188,0.0,0.0,0.8,nan,nan,nan,76,0.38
Spawrious GSC,44,Random,17,200,90,10,10,90,SC,0.5310044064107188,0.0,0.0,0.8,nan,nan,nan,84,0.42
Spawrious GSC,44,Random,18,200,90,10,10,90,SC,0.5310044064107188,0.0,0.0,0.8,nan,nan,nan,68,0.34
Spawrious GSC,44,Random,19,200,90,10,10,90,SC,0.5310044064107188,0.0,0.0,0.8,nan,nan,nan,73,0.365
Spawrious GSC,44,Random,20,200,90,10,10,90,SC,0.5310044064107188,0.0,0.0,0.8,nan,nan,nan,68,0.34
Spawrious GSC,44,Random,21,200,90,10,10,90,SC,0.5310044064107188,0.0,0.0,0.8,nan,nan,nan,76,0.38
Spawrious GSC,44,Random,22,200,90,10,10,90,SC,0.5310044064107188,0.0,0.0,0.8,nan,nan,nan,95,0.475
Spawrious GSC,44,Random,23,200,10,90,90,10,SC,0.5310044064107188,0.0,0.0,-0.8,nan,nan,nan,80,0.4
Spawrious GSC,42,FedDiverse,0,200,90,90,10,10,CI,0.0,0.0,0.5310044064107189,0.0,0.1894087895002128,0.6340763519851667,0.5310044092961088,175,0.8793969849246231
Spawrious GSC,42,FedDiverse,1,200,90,90,10,10,CI,0.0,0.0,0.5310044064107189,0.0,0.008641518328125363,0.2881853326710704,0.5310044092961088,198,0.9949748743718593
Spawrious GSC,42,FedDiverse,2,200,10,10,90,90,CI,0.0,0.0,0.5310044064107189,0.0,0.0,1.000000001442695,0.5310044092961088,146,0.7336683417085427
Spawrious GSC,42,FedDiverse,3,200,10,10,90,90,CI,0.0,0.0,0.5310044064107189,0.0,0.0,1.000000001442695,0.5310044092961088,168,0.8442211055276382
Spawrious GSC,42,FedDiverse,4,200,90,10,90,10,AI,0.0,0.5310044064107189,0.0,0.0,0.23209928298868296,0.018546107851736493,2.8853900380099162e-09,16,0.08040201005025126
Spawrious GSC,42,FedDiverse,5,200,90,10,90,10,AI,0.0,0.5310044064107189,0.0,0.0,0.09199447367521253,0.18089282305770715,2.8853900380099162e-09,192,0.964824120603015
Spawrious GSC,42,FedDiverse,6,200,10,90,10,90,AI,0.0,0.5310044064107189,0.0,0.0,0.2795408688463754,0.01629174026220437,2.8853900380099162e-09,26,0.1306532663316583
Spawrious GSC,42,FedDiverse,7,200,10,90,10,90,AI,0.0,0.5310044064107189,0.0,0.0,0.24980640017045494,0.12490721611355793,2.8853900380099162e-09,113,0.5678391959798995
Spawrious GSC,42,FedDiverse,8,200,90,10,10,90,SC,0.5310044064107188,0.0,0.0,0.8,0.6736483330795661,0.00028856113258013405,2.8853900380099162e-09,12,0.06030150753768844
Spawrious GSC,42,FedDiverse,9,200,90,10,10,90,SC,0.5310044064107188,0.0,0.0,0.8,0.33905059074950017,0.008745995715021215,2.8853900380099162e-09,24,0.12060301507537688
Spawrious GSC,42,FedDiverse,10,200,90,10,10,90,SC,0.5310044064107188,0.0,0.0,0.8,0.6736483330795661,0.00028856113258013405,2.8853900380099162e-09,12,0.06030150753768844
Spawrious GSC,42,FedDiverse,11,200,90,10,10,90,SC,0.5310044064107188,0.0,0.0,0.8,0.5484811844235613,0.0006493130707798667,2.8853900380099162e-09,14,0.07035175879396985
Spawrious GSC,42,FedDiverse,12,200,90,10,10,90,SC,0.5310044064107188,0.0,0.0,0.8,0.5154906823623111,7.213883972845281e-05,2.8853900380099162e-09,21,0.10552763819095477
Spawrious GSC,42,FedDiverse,13,200,90,10,10,90,SC,0.5310044064107188,0.0,0.0,0.8,0.46556917104277196,0.005850831404496826,2.8853900380099162e-09,18,0.09045226130653267
Spawrious GSC,42,FedDiverse,14,200,90,10,10,90,SC,0.5310044064107188,0.0,0.0,0.8,0.5662525922143528,0.001154466890188388,2.8853900380099162e-09,12,0.06030150753768844
Spawrious GSC,42,FedDiverse,15,200,90,10,10,90,SC,0.5310044064107188,0.0,0.0,0.8,0.41576118955677516,2.8853900380099162e-09,2.8853900380099162e-09,185,0.9296482412060302
Spawrious GSC,42,FedDiverse,16,200,90,10,10,90,SC,0.5310044064107188,0.0,0.0,0.8,0.4591921503057901,0.0018041238425799966,2.8853900380099162e-09,13,0.06532663316582915
Spawrious GSC,42,FedDiverse,17,200,90,10,10,90,SC,0.5310044064107188,0.0,0.0,0.8,0.5820800445001881,0.0006493130707798667,2.8853900380099162e-09,14,0.07035175879396985
Spawrious GSC,42,FedDiverse,18,200,90,10,10,90,SC,0.5310044064107188,0.0,0.0,0.8,0.5635301845618994,2.8853900380099162e-09,2.8853900380099162e-09,191,0.9597989949748744
Spawrious GSC,42,FedDiverse,19,200,90,10,10,90,SC,0.5310044064107188,0.0,0.0,0.8,0.7356098250273719,7.213883972845281e-05,2.8853900380099162e-09,140,0.7035175879396985
Spawrious GSC,42,FedDiverse,20,200,90,10,10,90,SC,0.5310044064107188,0.0,0.0,0.8,0.23998565355747487,0.09561854516089607,2.8853900380099162e-09,41,0.20603015075376885
Spawrious GSC,42,FedDiverse,21,200,90,10,10,90,SC,0.5310044064107188,0.0,0.0,0.8,0.43147233802897206,0.0018041238425799966,2.8853900380099162e-09,21,0.10552763819095477
Spawrious GSC,42,FedDiverse,22,200,90,10,10,90,SC,0.5310044064107188,0.0,0.0,0.8,0.5188552317234292,0.0018041238425799966,2.8853900380099162e-09,12,0.06030150753768844
Spawrious GSC,42,FedDiverse,23,200,10,90,90,10,SC,0.5310044064107188,0.0,0.0,-0.8,0.379230074068758,0.045565999960424874,2.8853900380099162e-09,27,0.135678391959799
Spawrious GSC,43,FedDiverse,0,200,90,90,10,10,CI,0.0,0.0,0.5310044064107189,0.0,0.1581563026528689,0.42900704280850044,0.5310044092961088,158,0.7939698492462312
Spawrious GSC,43,FedDiverse,1,200,90,90,10,10,CI,0.0,0.0,0.5310044064107189,0.0,0.04943163556655247,0.2985285430014927,0.5310044092961088,186,0.9346733668341709
Spawrious GSC,43,FedDiverse,2,200,10,10,90,90,CI,0.0,0.0,0.5310044064107189,0.0,0.0,1.000000001442695,0.5310044092961088,147,0.7386934673366834
Spawrious GSC,43,FedDiverse,3,200,10,10,90,90,CI,0.0,0.0,0.5310044064107189,0.0,0.040600811849008996,0.15145182459077422,0.5310044092961088,199,1.0
Spawrious GSC,43,FedDiverse,4,200,90,10,90,10,AI,0.0,0.5310044064107189,0.0,0.0,0.36097625242215653,0.05324455320219701,2.8853900380099162e-09,20,0.10050251256281408
Spawrious GSC,43,FedDiverse,5,200,90,10,90,10,AI,0.0,0.5310044064107189,0.0,0.0,0.3425675679052968,0.00028856113258013405,2.8853900380099162e-09,13,0.06532663316582915
Spawrious GSC,43,FedDiverse,6,200,10,90,10,90,AI,0.0,0.5310044064107189,0.0,0.0,0.3042340378715098,0.007225548897581757,2.8853900380099162e-09,10,0.05025125628140704
Spawrious GSC,43,FedDiverse,7,200,10,90,10,90,AI,0.0,0.5310044064107189,0.0,0.0,0.2512292816944491,0.003537498000513617,2.8853900380099162e-09,16,0.08040201005025126
Spawrious GSC,43,FedDiverse,8,200,90,10,10,90,SC,0.5310044064107188,0.0,0.0,0.8,0.270348112691881,0.061545620282826285,2.8853900380099162e-09,26,0.1306532663316583
Spawrious GSC,43,FedDiverse,9,200,90,10,10,90,SC,0.5310044064107188,0.0,0.0,0.8,0.47622748977612805,0.012225347569443157,2.8853900380099162e-09,16,0.08040201005025126
Spawrious GSC,43,FedDiverse,10,200,90,10,10,90,SC,0.5310044064107188,0.0,0.0,0.8,0.39185125476071897,0.012225347569443379,2.8853900380099162e-09,20,0.10050251256281408
Spawrious GSC,43,FedDiverse,11,200,90,10,10,90,SC,0.5310044064107188,0.0,0.0,0.8,0.5166030679463874,0.0006493130707798667,2.8853900380099162e-09,12,0.06030150753768844
Spawrious GSC,43,FedDiverse,12,200,90,10,10,90,SC,0.5310044064107188,0.0,0.0,0.8,0.13852185945908563,0.13782547294416525,2.8853900380099162e-09,197,0.9899497487437185
Spawrious GSC,43,FedDiverse,13,200,90,10,10,90,SC,0.5310044064107188,0.0,0.0,0.8,0.2434015091991985,0.05324455320219701,2.8853900380099162e-09,23,0.11557788944723618
Spawrious GSC,43,FedDiverse,14,200,90,10,10,90,SC,0.5310044064107188,0.0,0.0,0.8,0.3968456696080247,0.01629174026220437,2.8853900380099162e-09,20,0.10050251256281408
Spawrious GSC,43,FedDiverse,15,200,90,10,10,90,SC,0.5310044064107188,0.0,0.0,0.8,0.5806243040319431,7.213883972845281e-05,2.8853900380099162e-09,199,1.0
Spawrious GSC,43,FedDiverse,16,200,90,10,10,90,SC,0.5310044064107188,0.0,0.0,0.8,0.6349910048523025,0.00028856113258013405,2.8853900380099162e-09,31,0.15577889447236182
Spawrious GSC,43,FedDiverse,17,200,90,10,10,90,SC,0.5310044064107188,0.0,0.0,0.8,0.4853069577602881,7.213883972845281e-05,2.8853900380099162e-09,130,0.6532663316582915
Spawrious GSC,43,FedDiverse,18,200,90,10,10,90,SC,0.5310044064107188,0.0,0.0,0.8,0.5223051009920723,0.003537498000513617,2.8853900380099162e-09,11,0.05527638190954774
Spawrious GSC,43,FedDiverse,19,200,90,10,10,90,SC,0.5310044064107188,0.0,0.0,0.8,0.5008694600191791,0.008745995715021104,2.8853900380099162e-09,22,0.11055276381909548
Spawrious GSC,43,FedDiverse,20,200,90,10,10,90,SC,0.5310044064107188,0.0,0.0,0.8,0.41850185617805996,0.012225347569443379,2.8853900380099162e-09,16,0.08040201005025126
Spawrious GSC,43,FedDiverse,21,200,90,10,10,90,SC,0.5310044064107188,0.0,0.0,0.8,0.4297713725653982,0.010412481663334416,2.8853900380099162e-09,22,0.11055276381909548
Spawrious GSC,43,FedDiverse,22,200,90,10,10,90,SC,0.5310044064107188,0.0,0.0,0.8,0.5472148972323179,7.213883972845281e-05,2.8853900380099162e-09,174,0.8743718592964824
Spawrious GSC,43,FedDiverse,23,200,10,90,90,10,SC,0.5310044064107188,0.0,0.0,-0.8,0.21283736980082427,0.08507363010566249,2.8853900380099162e-09,123,0.6180904522613065
Spawrious GSC,44,FedDiverse,0,200,90,90,10,10,CI,0.0,0.0,0.5310044064107189,0.0,0.3088939174157326,0.5470574546981068,0.5310044092961088,187,0.9396984924623115
Spawrious GSC,44,FedDiverse,1,200,90,90,10,10,CI,0.0,0.0,0.5310044064107189,0.0,0.42266904050850074,0.580443506646843,0.5310044092961088,173,0.8693467336683417
Spawrious GSC,44,FedDiverse,2,200,10,10,90,90,CI,0.0,0.0,0.5310044064107189,0.0,0.2156098557483357,0.15145182459077422,0.5310044092961086,198,0.9949748743718593
Spawrious GSC,44,FedDiverse,3,200,10,10,90,90,CI,0.0,0.0,0.5310044064107189,0.0,0.0,1.000000001442695,0.5310044092961088,162,0.8140703517587939
Spawrious GSC,44,FedDiverse,4,200,90,10,90,10,AI,0.0,0.5310044064107189,0.0,0.0,0.4495787850766513,0.023499534127566002,2.8853900380099162e-09,19,0.09547738693467336
Spawrious GSC,44,FedDiverse,5,200,90,10,90,10,AI,0.0,0.5310044064107189,0.0,0.0,0.19141406452205573,0.061545620282826285,2.8853900380099162e-09,32,0.16080402010050251
Spawrious GSC,44,FedDiverse,6,200,10,90,10,90,AI,0.0,0.5310044064107189,0.0,0.0,0.3812786899947597,0.01418496570647032,2.8853900380099162e-09,18,0.09045226130653267
Spawrious GSC,44,FedDiverse,7,200,10,90,10,90,AI,0.0,0.5310044064107189,0.0,0.0,0.18089811437745326,0.057316813629897934,2.8853900380099162e-09,28,0.1407035175879397
Spawrious GSC,44,FedDiverse,8,200,90,10,10,90,SC,0.5310044064107188,0.0,0.0,0.8,0.23302183729419812,0.08507363010566249,2.8853900380099162e-09,98,0.49246231155778897
Spawrious GSC,44,FedDiverse,9,200,90,10,10,90,SC,0.5310044064107188,0.0,0.0,0.8,0.4297713725653982,0.010412481663334416,2.8853900380099162e-09,17,0.08542713567839195
Spawrious GSC,44,FedDiverse,10,200,90,10,10,90,SC,0.5310044064107188,0.0,0.0,0.8,0.44932944397014485,0.004621564065164341,2.8853900380099162e-09,19,0.09547738693467336
Spawrious GSC,44,FedDiverse,11,200,90,10,10,90,SC,0.5310044064107188,0.0,0.0,0.8,0.3136722984383045,0.018546107851736604,2.8853900380099162e-09,24,0.12060301507537688
Spawrious GSC,44,FedDiverse,12,200,90,10,10,90,SC,0.5310044064107188,0.0,0.0,0.8,0.15540765907849913,0.18089282305770726,2.8853900380099162e-09,197,0.9899497487437185
Spawrious GSC,44,FedDiverse,13,200,90,10,10,90,SC,0.5310044064107188,0.0,0.0,0.8,0.6158986594903109,7.213883972845281e-05,2.8853900380099162e-09,172,0.864321608040201
Spawrious GSC,44,FedDiverse,14,200,90,10,10,90,SC,0.5310044064107188,0.0,0.0,0.8,0.46188978679753434,0.003537498000513617,2.8853900380099162e-09,8,0.04020100502512563
Spawrious GSC,44,FedDiverse,15,200,90,10,10,90,SC,0.5310044064107188,0.0,0.0,0.8,0.6770006347382836,0.001154466890188388,2.8853900380099162e-09,29,0.1457286432160804
Spawrious GSC,44,FedDiverse,16,200,90,10,10,90,SC,0.5310044064107188,0.0,0.0,0.8,0.41850185617805996,0.012225347569443379,2.8853900380099162e-09,17,0.08542713567839195
Spawrious GSC,44,FedDiverse,17,200,90,10,10,90,SC,0.5310044064107188,0.0,0.0,0.8,0.4027078372910886,0.010412481663334416,2.8853900380099162e-09,13,0.06532663316582915
Spawrious GSC,44,FedDiverse,18,200,90,10,10,90,SC,0.5310044064107188,0.0,0.0,0.8,0.6736483330795661,0.00028856113258013405,2.8853900380099162e-09,121,0.6080402010050251
Spawrious GSC,44,FedDiverse,19,200,90,10,10,90,SC,0.5310044064107188,0.0,0.0,0.8,0.5978208115226719,2.8853900380099162e-09,2.8853900380099162e-09,199,1.0
Spawrious GSC,44,FedDiverse,20,200,90,10,10,90,SC,0.5310044064107188,0.0,0.0,0.8,0.3524588766702172,0.010412481663334416,2.8853900380099162e-09,14,0.07035175879396985
Spawrious GSC,44,FedDiverse,21,200,90,10,10,90,SC,0.5310044064107188,0.0,0.0,0.8,0.28517112791166704,0.06593194750989906,2.8853900380099162e-09,25,0.12562814070351758
Spawrious GSC,44,FedDiverse,22,200,90,10,10,90,SC,0.5310044064107188,0.0,0.0,0.8,0.4882820260162924,0.0018041238425799966,2.8853900380099162e-09,10,0.05025125628140704
Spawrious GSC,44,FedDiverse,23,200,10,90,90,10,SC,0.5310044064107188,0.0,0.0,-0.8,0.35112110748233627,0.020948538075930778,2.8853900380099162e-09,11,0.05527638190954774
Spawrious GCI,42,Random,0,200,90,90,10,10,CI,0.0,0.0,0.5310044064107189,0.0,nan,nan,nan,83,0.415
Spawrious GCI,42,Random,1,200,90,90,10,10,CI,0.0,0.0,0.5310044064107189,0.0,nan,nan,nan,71,0.355
Spawrious GCI,42,Random,2,200,90,90,10,10,CI,0.0,0.0,0.5310044064107189,0.0,nan,nan,nan,68,0.34
Spawrious GCI,42,Random,3,200,90,90,10,10,CI,0.0,0.0,0.5310044064107189,0.0,nan,nan,nan,70,0.35
Spawrious GCI,42,Random,4,200,90,90,10,10,CI,0.0,0.0,0.5310044064107189,0.0,nan,nan,nan,65,0.325
Spawrious GCI,42,Random,5,200,90,90,10,10,CI,0.0,0.0,0.5310044064107189,0.0,nan,nan,nan,82,0.41
Spawrious GCI,42,Random,6,200,90,90,10,10,CI,0.0,0.0,0.5310044064107189,0.0,nan,nan,nan,76,0.38
Spawrious GCI,42,Random,7,200,90,90,10,10,CI,0.0,0.0,0.5310044064107189,0.0,nan,nan,nan,79,0.395
Spawrious GCI,42,Random,8,200,90,90,10,10,CI,0.0,0.0,0.5310044064107189,0.0,nan,nan,nan,82,0.41
Spawrious GCI,42,Random,9,200,90,90,10,10,CI,0.0,0.0,0.5310044064107189,0.0,nan,nan,nan,77,0.385
Spawrious GCI,42,Random,10,200,90,90,10,10,CI,0.0,0.0,0.5310044064107189,0.0,nan,nan,nan,79,0.395
Spawrious GCI,42,Random,11,200,90,90,10,10,CI,0.0,0.0,0.5310044064107189,0.0,nan,nan,nan,58,0.29
Spawrious GCI,42,Random,12,200,90,90,10,10,CI,0.0,0.0,0.5310044064107189,0.0,nan,nan,nan,90,0.45
Spawrious GCI,42,Random,13,200,90,90,10,10,CI,0.0,0.0,0.5310044064107189,0.0,nan,nan,nan,83,0.415
Spawrious GCI,42,Random,14,200,90,90,10,10,CI,0.0,0.0,0.5310044064107189,0.0,nan,nan,nan,78,0.39
Spawrious GCI,42,Random,15,200,10,10,90,90,CI,0.0,0.0,0.5310044064107189,0.0,nan,nan,nan,71,0.355
Spawrious GCI,42,Random,16,200,90,10,90,10,AI,0.0,0.5310044064107189,0.0,0.0,nan,nan,nan,76,0.38
Spawrious GCI,42,Random,17,200,90,10,90,10,AI,0.0,0.5310044064107189,0.0,0.0,nan,nan,nan,67,0.335
Spawrious GCI,42,Random,18,200,10,90,10,90,AI,0.0,0.5310044064107189,0.0,0.0,nan,nan,nan,72,0.36
Spawrious GCI,42,Random,19,200,10,90,10,90,AI,0.0,0.5310044064107189,0.0,0.0,nan,nan,nan,73,0.365
Spawrious GCI,42,Random,20,200,90,10,10,90,SC,0.5310044064107188,0.0,0.0,0.8,nan,nan,nan,72,0.36
Spawrious GCI,42,Random,21,200,90,10,10,90,SC,0.5310044064107188,0.0,0.0,0.8,nan,nan,nan,74,0.37
Spawrious GCI,42,Random,22,200,10,90,90,10,SC,0.5310044064107188,0.0,0.0,-0.8,nan,nan,nan,72,0.36
Spawrious GCI,42,Random,23,200,10,90,90,10,SC,0.5310044064107188,0.0,0.0,-0.8,nan,nan,nan,82,0.41
Spawrious GCI,43,Random,0,200,90,90,10,10,CI,0.0,0.0,0.5310044064107189,0.0,nan,nan,nan,72,0.36
Spawrious GCI,43,Random,1,200,90,90,10,10,CI,0.0,0.0,0.5310044064107189,0.0,nan,nan,nan,74,0.37
Spawrious GCI,43,Random,2,200,90,90,10,10,CI,0.0,0.0,0.5310044064107189,0.0,nan,nan,nan,73,0.365
Spawrious GCI,43,Random,3,200,90,90,10,10,CI,0.0,0.0,0.5310044064107189,0.0,nan,nan,nan,77,0.385
Spawrious GCI,43,Random,4,200,90,90,10,10,CI,0.0,0.0,0.5310044064107189,0.0,nan,nan,nan,87,0.435
Spawrious GCI,43,Random,5,200,90,90,10,10,CI,0.0,0.0,0.5310044064107189,0.0,nan,nan,nan,83,0.415
Spawrious GCI,43,Random,6,200,90,90,10,10,CI,0.0,0.0,0.5310044064107189,0.0,nan,nan,nan,73,0.365
Spawrious GCI,43,Random,7,200,90,90,10,10,CI,0.0,0.0,0.5310044064107189,0.0,nan,nan,nan,79,0.395
Spawrious GCI,43,Random,8,200,90,90,10,10,CI,0.0,0.0,0.5310044064107189,0.0,nan,nan,nan,69,0.345
Spawrious GCI,43,Random,9,200,90,90,10,10,CI,0.0,0.0,0.5310044064107189,0.0,nan,nan,nan,83,0.415
Spawrious GCI,43,Random,10,200,90,90,10,10,CI,0.0,0.0,0.5310044064107189,0.0,nan,nan,nan,67,0.335
Spawrious GCI,43,Random,11,200,90,90,10,10,CI,0.0,0.0,0.5310044064107189,0.0,nan,nan,nan,76,0.38
Spawrious GCI,43,Random,12,200,90,90,10,10,CI,0.0,0.0,0.5310044064107189,0.0,nan,nan,nan,66,0.33
Spawrious GCI,43,Random,13,200,90,90,10,10,CI,0.0,0.0,0.5310044064107189,0.0,nan,nan,nan,72,0.36
Spawrious GCI,43,Random,14,200,90,90,10,10,CI,0.0,0.0,0.5310044064107189,0.0,nan,nan,nan,75,0.375
Spawrious GCI,43,Random,15,200,10,10,90,90,CI,0.0,0.0,0.5310044064107189,0.0,nan,nan,nan,65,0.325
Spawrious GCI,43,Random,16,200,90,10,90,10,AI,0.0,0.5310044064107189,0.0,0.0,nan,nan,nan,75,0.375
Spawrious GCI,43,Random,17,200,90,10,90,10,AI,0.0,0.5310044064107189,0.0,0.0,nan,nan,nan,69,0.345
Spawrious GCI,43,Random,18,200,10,90,10,90,AI,0.0,0.5310044064107189,0.0,0.0,nan,nan,nan,81,0.405
Spawrious GCI,43,Random,19,200,10,90,10,90,AI,0.0,0.5310044064107189,0.0,0.0,nan,nan,nan,74,0.37
Spawrious GCI,43,Random,20,200,90,10,10,90,SC,0.5310044064107188,0.0,0.0,0.8,nan,nan,nan,75,0.375
Spawrious GCI,43,Random,21,200,90,10,10,90,SC,0.5310044064107188,0.0,0.0,0.8,nan,nan,nan,79,0.395
Spawrious GCI,43,Random,22,200,10,90,90,10,SC,0.5310044064107188,0.0,0.0,-0.8,nan,nan,nan,89,0.445
Spawrious GCI,43,Random,23,200,10,90,90,10,SC,0.5310044064107188,0.0,0.0,-0.8,nan,nan,nan,67,0.335
Spawrious GCI,44,Random,0,200,90,90,10,10,CI,0.0,0.0,0.5310044064107189,0.0,nan,nan,nan,76,0.38
Spawrious GCI,44,Random,1,200,90,90,10,10,CI,0.0,0.0,0.5310044064107189,0.0,nan,nan,nan,71,0.355
Spawrious GCI,44,Random,2,200,90,90,10,10,CI,0.0,0.0,0.5310044064107189,0.0,nan,nan,nan,59,0.295
Spawrious GCI,44,Random,3,200,90,90,10,10,CI,0.0,0.0,0.5310044064107189,0.0,nan,nan,nan,82,0.41
Spawrious GCI,44,Random,4,200,90,90,10,10,CI,0.0,0.0,0.5310044064107189,0.0,nan,nan,nan,72,0.36
Spawrious GCI,44,Random,5,200,90,90,10,10,CI,0.0,0.0,0.5310044064107189,0.0,nan,nan,nan,74,0.37
Spawrious GCI,44,Random,6,200,90,90,10,10,CI,0.0,0.0,0.5310044064107189,0.0,nan,nan,nan,78,0.39
Spawrious GCI,44,Random,7,200,90,90,10,10,CI,0.0,0.0,0.5310044064107189,0.0,nan,nan,nan,71,0.355
Spawrious GCI,44,Random,8,200,90,90,10,10,CI,0.0,0.0,0.5310044064107189,0.0,nan,nan,nan,88,0.44
Spawrious GCI,44,Random,9,200,90,90,10,10,CI,0.0,0.0,0.5310044064107189,0.0,nan,nan,nan,79,0.395
Spawrious GCI,44,Random,10,200,90,90,10,10,CI,0.0,0.0,0.5310044064107189,0.0,nan,nan,nan,76,0.38
Spawrious GCI,44,Random,11,200,90,90,10,10,CI,0.0,0.0,0.5310044064107189,0.0,nan,nan,nan,71,0.355
Spawrious GCI,44,Random,12,200,90,90,10,10,CI,0.0,0.0,0.5310044064107189,0.0,nan,nan,nan,73,0.365
Spawrious GCI,44,Random,13,200,90,90,10,10,CI,0.0,0.0,0.5310044064107189,0.0,nan,nan,nan,78,0.39
Spawrious GCI,44,Random,14,200,90,90,10,10,CI,0.0,0.0,0.5310044064107189,0.0,nan,nan,nan,76,0.38
Spawrious GCI,44,Random,15,200,10,10,90,90,CI,0.0,0.0,0.5310044064107189,0.0,nan,nan,nan,93,0.465
Spawrious GCI,44,Random,16,200,90,10,90,10,AI,0.0,0.5310044064107189,0.0,0.0,nan,nan,nan,75,0.375
Spawrious GCI,44,Random,17,200,90,10,90,10,AI,0.0,0.5310044064107189,0.0,0.0,nan,nan,nan,74,0.37
Spawrious GCI,44,Random,18,200,10,90,10,90,AI,0.0,0.5310044064107189,0.0,0.0,nan,nan,nan,71,0.355
Spawrious GCI,44,Random,19,200,10,90,10,90,AI,0.0,0.5310044064107189,0.0,0.0,nan,nan,nan,80,0.4
Spawrious GCI,44,Random,20,200,90,10,10,90,SC,0.5310044064107188,0.0,0.0,0.8,nan,nan,nan,80,0.4
Spawrious GCI,44,Random,21,200,90,10,10,90,SC,0.5310044064107188,0.0,0.0,0.8,nan,nan,nan,64,0.32
Spawrious GCI,44,Random,22,200,10,90,90,10,SC,0.5310044064107188,0.0,0.0,-0.8,nan,nan,nan,69,0.345
Spawrious GCI,44,Random,23,200,10,90,90,10,SC,0.5310044064107188,0.0,0.0,-0.8,nan,nan,nan,70,0.35
Spawrious GCI,42,FedDiverse,0,200,90,90,10,10,CI,0.0,0.0,0.5310044064107189,0.0,0.29378352241804295,0.5804435066468431,0.5310044092961088,23,0.11557788944723618
Spawrious GCI,42,FedDiverse,1,200,90,90,10,10,CI,0.0,0.0,0.5310044064107189,0.0,0.22602205456485447,0.1126827466101834,0.5310044092961088,127,0.6381909547738693
Spawrious GCI,42,FedDiverse,2,200,90,90,10,10,CI,0.0,0.0,0.5310044064107189,0.0,0.42383889231367866,0.5000840447208621,0.5310044092961088,35,0.17587939698492464
Spawrious GCI,42,FedDiverse,3,200,90,90,10,10,CI,0.0,0.0,0.5310044064107189,0.0,0.3055521604702373,0.6340763519851669,0.5310044092961088,42,0.21105527638190955
Spawrious GCI,42,FedDiverse,4,200,90,90,10,10,CI,0.0,0.0,0.5310044064107189,0.0,0.2070527195778179,0.34229522414117053,0.5310044092961088,39,0.19597989949748743
Spawrious GCI,42,FedDiverse,5,200,90,90,10,10,CI,0.0,0.0,0.5310044064107189,0.0,0.18034376843837596,0.5153522631539447,0.5310044092961088,29,0.1457286432160804
Spawrious GCI,42,FedDiverse,6,200,90,90,10,10,CI,0.0,0.0,0.5310044064107189,0.0,0.059475783105774546,0.15853536667721435,0.5310044092961088,162,0.8140703517587939
Spawrious GCI,42,FedDiverse,7,200,90,90,10,10,CI,0.0,0.0,0.5310044064107189,0.0,0.14158940210305965,0.23983249992342437,0.5310044092961088,36,0.18090452261306533
Spawrious GCI,42,FedDiverse,8,200,90,90,10,10,CI,0.0,0.0,0.5310044064107189,0.0,0.38157872540318427,0.47063913759802567,0.5310044092961088,28,0.1407035175879397
Spawrious GCI,42,FedDiverse,9,200,90,90,10,10,CI,0.0,0.0,0.5310044064107189,0.0,0.29007878203442783,0.34229522414117075,0.5310044092961088,35,0.17587939698492464
Spawrious GCI,42,FedDiverse,10,200,90,90,10,10,CI,0.0,0.0,0.5310044064107189,0.0,0.23471881087469737,0.3777873648790767,0.5310044092961088,45,0.22613065326633167
Spawrious GCI,42,FedDiverse,11,200,90,90,10,10,CI,0.0,0.0,0.5310044064107189,0.0,0.22398768715616912,0.2133738929147887,0.5310044092961088,56,0.2814070351758794
Spawrious GCI,42,FedDiverse,12,200,90,90,10,10,CI,0.0,0.0,0.5310044064107189,0.0,0.21215936631704232,0.2985285430014927,0.5310044092961088,29,0.1457286432160804
Spawrious GCI,42,FedDiverse,13,200,90,90,10,10,CI,0.0,0.0,0.5310044064107189,0.0,0.05569910316646888,0.6927316430246302,0.5310044092961088,43,0.21608040201005024
Spawrious GCI,42,FedDiverse,14,200,90,90,10,10,CI,0.0,0.0,0.5310044064107189,0.0,0.11652000552941312,0.2985285430014927,0.5310044092961088,22,0.11055276381909548
Spawrious GCI,42,FedDiverse,15,200,10,10,90,90,CI,0.0,0.0,0.5310044064107189,0.0,0.0,1.000000001442695,0.5310044092961088,101,0.507537688442211
Spawrious GCI,42,FedDiverse,16,200,90,10,90,10,AI,0.0,0.5310044064107189,0.0,0.0,0.030486769814838693,0.4425618178574011,2.8853900380099162e-09,121,0.6080402010050251
Spawrious GCI,42,FedDiverse,17,200,90,10,90,10,AI,0.0,0.5310044064107189,0.0,0.0,0.0161929799186349,0.42900704280850044,2.8853900380099162e-09,188,0.9447236180904522
Spawrious GCI,42,FedDiverse,18,200,10,90,10,90,AI,0.0,0.5310044064107189,0.0,0.0,0.37786656434008636,7.213883972845281e-05,2.8853900380099162e-09,199,1.0
Spawrious GCI,42,FedDiverse,19,200,10,90,10,90,AI,0.0,0.5310044064107189,0.0,0.0,0.1210982237326481,0.18089282305770715,2.8853900380099162e-09,76,0.38190954773869346
Spawrious GCI,42,FedDiverse,20,200,90,10,10,90,SC,0.5310044064107188,0.0,0.0,0.8,0.5137532925999628,0.007225548897581757,2.8853900380099162e-09,30,0.1507537688442211
Spawrious GCI,42,FedDiverse,21,200,90,10,10,90,SC,0.5310044064107188,0.0,0.0,0.8,0.5315952537696745,0.00028856113258013405,2.8853900380099162e-09,187,0.9396984924623115
Spawrious GCI,42,FedDiverse,22,200,10,90,90,10,SC,0.5310044064107188,0.0,0.0,-0.8,0.4351984801492424,0.01418496570647032,2.8853900380099162e-09,20,0.10050251256281408
Spawrious GCI,42,FedDiverse,23,200,10,90,90,10,SC,0.5310044064107188,0.0,0.0,-0.8,0.44932944397014485,0.004621564065164341,2.8853900380099162e-09,118,0.592964824120603
Spawrious GCI,43,FedDiverse,0,200,90,90,10,10,CI,0.0,0.0,0.5310044064107189,0.0,0.23599479177525956,0.42900704280850044,0.5310044092961088,29,0.1457286432160804
Spawrious GCI,43,FedDiverse,1,200,90,90,10,10,CI,0.0,0.0,0.5310044064107189,0.0,0.15152002617047255,0.5310044092961088,0.5310044092961088,32,0.16080402010050251
Spawrious GCI,43,FedDiverse,2,200,90,90,10,10,CI,0.0,0.0,0.5310044064107189,0.0,0.22493220725969076,0.3656904482448241,0.5310044092961088,132,0.6633165829145728
Spawrious GCI,43,FedDiverse,3,200,90,90,10,10,CI,0.0,0.0,0.5310044064107189,0.0,0.18034376843837596,0.5153522631539447,0.5310044092961088,35,0.17587939698492464
Spawrious GCI,43,FedDiverse,4,200,90,90,10,10,CI,0.0,0.0,0.5310044064107189,0.0,0.47560771165749416,0.5310044092961088,0.5310044092961088,35,0.17587939698492464
Spawrious GCI,43,FedDiverse,5,200,90,90,10,10,CI,0.0,0.0,0.5310044064107189,0.0,0.29378352241804295,0.5804435066468431,0.5310044092961088,46,0.23115577889447236
Spawrious GCI,43,FedDiverse,6,200,90,90,10,10,CI,0.0,0.0,0.5310044064107189,0.0,0.38157872540318427,0.47063913759802567,0.5310044092961088,35,0.17587939698492464
Spawrious GCI,43,FedDiverse,7,200,90,90,10,10,CI,0.0,0.0,0.5310044064107189,0.0,0.28971473433279327,0.39015969816898965,0.5310044092961088,64,0.32160804020100503
Spawrious GCI,43,FedDiverse,8,200,90,90,10,10,CI,0.0,0.0,0.5310044064107189,0.0,0.37822001065647426,0.3777873648790767,0.5310044092961088,113,0.5678391959798995
Spawrious GCI,43,FedDiverse,9,200,90,90,10,10,CI,0.0,0.0,0.5310044064107189,0.0,0.36268898088171303,0.500084044720862,0.5310044092961088,34,0.1708542713567839
Spawrious GCI,43,FedDiverse,10,200,90,90,10,10,CI,0.0,0.0,0.5310044064107189,0.0,0.33884167621355477,0.39015969816898943,0.5310044092961088,46,0.23115577889447236
Spawrious GCI,43,FedDiverse,11,200,90,90,10,10,CI,0.0,0.0,0.5310044064107189,0.0,0.40171881496403056,0.4851843498806745,0.5310044092961088,32,0.16080402010050251
Spawrious GCI,43,FedDiverse,12,200,90,90,10,10,CI,0.0,0.0,0.5310044064107189,0.0,0.167035763287882,0.4425618178574009,0.5310044092961088,29,0.1457286432160804
Spawrious GCI,43,FedDiverse,13,200,90,90,10,10,CI,0.0,0.0,0.5310044064107189,0.0,0.3631341133098783,0.45643555968579363,0.5310044092961088,41,0.20603015075376885
Spawrious GCI,43,FedDiverse,14,200,90,90,10,10,CI,0.0,0.0,0.5310044064107189,0.0,0.1342639289266376,0.563530185821287,0.5310044092961088,58,0.2914572864321608
Spawrious GCI,43,FedDiverse,15,200,10,10,90,90,CI,0.0,0.0,0.5310044064107189,0.0,3.006578501795141e-05,0.402814957631606,0.5310044092961088,112,0.5628140703517588
Spawrious GCI,43,FedDiverse,16,200,90,10,90,10,AI,0.0,0.5310044064107189,0.0,0.0,0.5000840432784075,2.8853900380099162e-09,2.8853900380099162e-09,198,0.9949748743718593
Spawrious GCI,43,FedDiverse,17,200,90,10,90,10,AI,0.0,0.5310044064107189,0.0,0.0,0.1059411452259116,0.18089282305770715,2.8853900380099162e-09,154,0.7738693467336684
Spawrious GCI,43,FedDiverse,18,200,10,90,10,90,AI,0.0,0.5310044064107189,0.0,0.0,0.42411749231670376,0.01629174026220437,2.8853900380099162e-09,22,0.11055276381909548
Spawrious GCI,43,FedDiverse,19,200,10,90,10,90,AI,0.0,0.5310044064107189,0.0,0.0,0.32648803206067234,0.07047681670616368,2.8853900380099162e-09,60,0.3015075376884422
Spawrious GCI,43,FedDiverse,20,200,90,10,10,90,SC,0.5310044064107188,0.0,0.0,0.8,0.5166030679463874,0.0006493130707798667,2.8853900380099162e-09,157,0.7889447236180904
Spawrious GCI,43,FedDiverse,21,200,90,10,10,90,SC,0.5310044064107188,0.0,0.0,0.8,0.14908016152061526,0.16580190702464104,2.8853900380099162e-09,110,0.5527638190954773
Spawrious GCI,43,FedDiverse,22,200,10,90,90,10,SC,0.5310044064107188,0.0,0.0,-0.8,0.2883941457144899,0.04195798065909051,2.8853900380099162e-09,19,0.09547738693467336
Spawrious GCI,43,FedDiverse,23,200,10,90,90,10,SC,0.5310044064107188,0.0,0.0,-0.8,0.5978208115226719,2.8853900380099162e-09,2.8853900380099162e-09,198,0.9949748743718593
Spawrious GCI,44,FedDiverse,0,200,90,90,10,10,CI,0.0,0.0,0.5310044064107189,0.0,0.149902750598246,0.4157611912425341,0.5310044092961088,33,0.1658291457286432
Spawrious GCI,44,FedDiverse,1,200,90,90,10,10,CI,0.0,0.0,0.5310044064107189,0.0,0.19276622029282214,0.5310044092961088,0.5310044092961088,76,0.38190954773869346
Spawrious GCI,44,FedDiverse,2,200,90,90,10,10,CI,0.0,0.0,0.5310044064107189,0.0,0.1574998197306258,0.3199229571571103,0.5310044092961088,31,0.15577889447236182
Spawrious GCI,44,FedDiverse,3,200,90,90,10,10,CI,0.0,0.0,0.5310044064107189,0.0,0.17210852993660156,0.23983249992342437,0.5310044092961088,49,0.24623115577889448
Spawrious GCI,44,FedDiverse,4,200,90,90,10,10,CI,0.0,0.0,0.5310044064107189,0.0,0.36268898088171303,0.500084044720862,0.5310044092961088,31,0.15577889447236182
Spawrious GCI,44,FedDiverse,5,200,90,90,10,10,CI,0.0,0.0,0.5310044064107189,0.0,0.12333258851655671,0.4851843498806745,0.5310044092961088,66,0.3316582914572864
Spawrious GCI,44,FedDiverse,6,200,90,90,10,10,CI,0.0,0.0,0.5310044064107189,0.0,0.2603154169356578,0.30910613145034926,0.5310044092961088,36,0.18090452261306533
Spawrious GCI,44,FedDiverse,7,200,90,90,10,10,CI,0.0,0.0,0.5310044064107189,0.0,0.3254826329962376,0.3777873648790767,0.5310044092961088,35,0.17587939698492464
Spawrious GCI,44,FedDiverse,8,200,90,90,10,10,CI,0.0,0.0,0.5310044064107189,0.0,0.4874875096256425,0.3656904482448239,0.5310044092961088,39,0.19597989949748743
Spawrious GCI,44,FedDiverse,9,200,90,90,10,10,CI,0.0,0.0,0.5310044064107189,0.0,0.33851191397453484,0.34229522414117053,0.5310044092961088,29,0.1457286432160804
Spawrious GCI,44,FedDiverse,10,200,90,90,10,10,CI,0.0,0.0,0.5310044064107189,0.0,0.22482524477473595,0.4157611912425341,0.5310044092961088,33,0.1658291457286432
Spawrious GCI,44,FedDiverse,11,200,90,90,10,10,CI,0.0,0.0,0.5310044064107189,0.0,0.1947195929661433,0.1732536303927722,0.5310044092961088,80,0.4020100502512563
Spawrious GCI,44,FedDiverse,12,200,90,90,10,10,CI,0.0,0.0,0.5310044064107189,0.0,0.05242437268859945,0.30910613145034926,0.5310044092961088,79,0.3969849246231156
Spawrious GCI,44,FedDiverse,13,200,90,90,10,10,CI,0.0,0.0,0.5310044064107189,0.0,0.21992123342957035,0.25851726295411637,0.5310044092961088,28,0.1407035175879397
Spawrious GCI,44,FedDiverse,14,200,90,90,10,10,CI,0.0,0.0,0.5310044064107189,0.0,0.23609911104370368,0.12490721611355793,0.5310044092961088,129,0.6482412060301508
Spawrious GCI,44,FedDiverse,15,200,10,10,90,90,CI,0.0,0.0,0.5310044064107189,0.0,0.06522571544072303,0.045565999960424874,0.5310044092961088,167,0.8391959798994975
Spawrious GCI,44,FedDiverse,16,200,90,10,90,10,AI,0.0,0.5310044064107189,0.0,0.0,0.1455603472667139,0.1126827466101834,2.8853900380099162e-09,95,0.47738693467336685
Spawrious GCI,44,FedDiverse,17,200,90,10,90,10,AI,0.0,0.5310044064107189,0.0,0.0,0.037275668522051365,0.029049408430721346,2.8853900380099162e-09,136,0.6834170854271356
Spawrious GCI,44,FedDiverse,18,200,10,90,10,90,AI,0.0,0.5310044064107189,0.0,0.0,0.21941649014493086,0.045565999960424874,2.8853900380099162e-09,14,0.07035175879396985
Spawrious GCI,44,FedDiverse,19,200,10,90,10,90,AI,0.0,0.5310044064107189,0.0,0.0,0.29443507909460204,0.049327910198324165,2.8853900380099162e-09,34,0.1708542713567839
Spawrious GCI,44,FedDiverse,20,200,90,10,10,90,SC,0.5310044064107188,0.0,0.0,0.8,0.3355326033114486,0.04195798065909051,2.8853900380099162e-09,163,0.8190954773869347
Spawrious GCI,44,FedDiverse,21,200,90,10,10,90,SC,0.5310044064107188,0.0,0.0,0.8,0.2488564764176479,0.061545620282826285,2.8853900380099162e-09,18,0.09045226130653267
Spawrious GCI,44,FedDiverse,22,200,10,90,90,10,SC,0.5310044064107188,0.0,0.0,-0.8,0.3630815912607986,0.032049467191750614,2.8853900380099162e-09,191,0.9597989949748744
Spawrious GCI,44,FedDiverse,23,200,10,90,90,10,SC,0.5310044064107188,0.0,0.0,-0.8,0.41011540337674685,0.005850831404497048,2.8853900380099162e-09,199,1.0
Spawrious GAI,42,Random,0,155,120,5,20,10,AI,0.14655698028561434,0.5413141837994597,0.2911643266678039,0.3919831548048891,nan,nan,nan,72,0.36
Spawrious GAI,42,Random,1,175,120,40,5,10,CI,0.06640541199402906,0.1368794314333689,0.5779994831168469,0.2581988897471611,nan,nan,nan,70,0.35
Spawrious GAI,42,Random,2,185,170,5,5,5,AI,0.23819431300896743,0.6966251639135861,0.6966251639135861,0.4714285714285714,nan,nan,nan,73,0.365
Spawrious GAI,42,Random,3,185,170,5,5,5,AI,0.23819431300896743,0.6966251639135861,0.6966251639135861,0.4714285714285714,nan,nan,nan,73,0.365
Spawrious GAI,42,Random,4,185,5,5,170,5,AI,0.2381943130089674,0.6966251639135861,0.6966251639135861,-0.4714285714285714,nan,nan,nan,69,0.345
Spawrious GAI,42,Random,5,185,5,5,170,5,AI,0.2381943130089674,0.6966251639135861,0.6966251639135861,-0.4714285714285714,nan,nan,nan,76,0.38
Spawrious GAI,42,Random,6,170,10,30,120,10,SC,0.37738702568016325,0.21287341379873104,0.21287341379873104,-0.6730769230769231,nan,nan,nan,79,0.395
Spawrious GAI,42,Random,7,170,10,30,120,10,SC,0.37738702568016325,0.21287341379873104,0.21287341379873104,-0.6730769230769231,nan,nan,nan,76,0.38
Spawrious GAI,42,Random,8,182,80,80,20,2,CI,0.07959751890203881,0.007067356263695701,0.4681173971199768,-0.2680305108885629,nan,nan,nan,65,0.325
Spawrious GAI,42,Random,9,182,80,80,20,2,CI,0.07959751890203881,0.007067356263695701,0.4681173971199768,-0.2680305108885629,nan,nan,nan,77,0.385
Spawrious GAI,42,Random,10,187,80,15,90,2,AI,0.06320862353741911,0.5605030130784867,0.000185661763086431,-0.23677853202210844,nan,nan,nan,71,0.355
Spawrious GAI,42,Random,11,187,80,15,90,2,AI,0.06320862353741911,0.5605030130784867,0.000185661763086431,-0.23677853202210844,nan,nan,nan,59,0.295
Spawrious GAI,42,Random,12,187,80,15,90,2,AI,0.06320862353741911,0.5605030130784867,0.000185661763086431,-0.23677853202210844,nan,nan,nan,79,0.395
Spawrious GAI,42,Random,13,187,80,15,90,2,AI,0.06320862353741911,0.5605030130784867,0.000185661763086431,-0.23677853202210844,nan,nan,nan,68,0.34
Spawrious GAI,42,Random,14,187,80,15,90,2,AI,0.06320862353741911,0.5605030130784867,0.000185661763086431,-0.23677853202210844,nan,nan,nan,61,0.305
Spawrious GAI,42,Random,15,187,80,15,90,2,AI,0.06320862353741911,0.5605030130784867,0.000185661763086431,-0.23677853202210844,nan,nan,nan,71,0.355
Spawrious GAI,42,Random,16,187,80,15,90,2,AI,0.06320862353741911,0.5605030130784867,0.000185661763086431,-0.23677853202210844,nan,nan,nan,73,0.365
Spawrious GAI,42,Random,17,187,80,15,90,2,AI,0.06320862353741911,0.5605030130784867,0.000185661763086431,-0.23677853202210844,nan,nan,nan,77,0.385
Spawrious GAI,42,Random,18,187,80,15,90,2,AI,0.06320862353741911,0.5605030130784867,0.000185661763086431,-0.23677853202210844,nan,nan,nan,76,0.38
Spawrious GAI,42,Random,19,187,80,15,90,2,AI,0.06320862353741911,0.5605030130784867,0.000185661763086431,-0.23677853202210844,nan,nan,nan,68,0.34
Spawrious GAI,42,Random,20,187,80,15,90,2,AI,0.06320862353741911,0.5605030130784867,0.000185661763086431,-0.23677853202210844,nan,nan,nan,61,0.305
Spawrious GAI,42,Random,21,187,80,15,90,2,AI,0.06320862353741911,0.5605030130784867,0.000185661763086431,-0.23677853202210844,nan,nan,nan,73,0.365
Spawrious GAI,42,Random,22,187,80,15,90,2,AI,0.06320862353741911,0.5605030130784867,0.000185661763086431,-0.23677853202210844,nan,nan,nan,71,0.355
Spawrious GAI,42,Random,23,187,80,15,90,2,AI,0.06320862353741911,0.5605030130784867,0.000185661763086431,-0.23677853202210844,nan,nan,nan,80,0.4
Spawrious GAI,42,Random,24,208,110,5,85,8,AI,0.008251367829092518,0.6627099333829861,0.008084922684148621,0.08738402006519946,nan,nan,nan,82,0.41
Spawrious GAI,43,Random,0,155,120,5,20,10,AI,0.14655698028561434,0.5413141837994597,0.2911643266678039,0.3919831548048891,nan,nan,nan,73,0.365
Spawrious GAI,43,Random,1,175,120,40,5,10,CI,0.06640541199402906,0.1368794314333689,0.5779994831168469,0.2581988897471611,nan,nan,nan,72,0.36
Spawrious GAI,43,Random,2,185,170,5,5,5,AI,0.23819431300896743,0.6966251639135861,0.6966251639135861,0.4714285714285714,nan,nan,nan,73,0.365
Spawrious GAI,43,Random,3,185,170,5,5,5,AI,0.23819431300896743,0.6966251639135861,0.6966251639135861,0.4714285714285714,nan,nan,nan,68,0.34
Spawrious GAI,43,Random,4,185,5,5,170,5,AI,0.2381943130089674,0.6966251639135861,0.6966251639135861,-0.4714285714285714,nan,nan,nan,66,0.33
Spawrious GAI,43,Random,5,185,5,5,170,5,AI,0.2381943130089674,0.6966251639135861,0.6966251639135861,-0.4714285714285714,nan,nan,nan,78,0.39
Spawrious GAI,43,Random,6,170,10,30,120,10,SC,0.37738702568016325,0.21287341379873104,0.21287341379873104,-0.6730769230769231,nan,nan,nan,69,0.345
Spawrious GAI,43,Random,7,170,10,30,120,10,SC,0.37738702568016325,0.21287341379873104,0.21287341379873104,-0.6730769230769231,nan,nan,nan,62,0.31
Spawrious GAI,43,Random,8,182,80,80,20,2,CI,0.07959751890203881,0.007067356263695701,0.4681173971199768,-0.2680305108885629,nan,nan,nan,69,0.345
Spawrious GAI,43,Random,9,182,80,80,20,2,CI,0.07959751890203881,0.007067356263695701,0.4681173971199768,-0.2680305108885629,nan,nan,nan,78,0.39
Spawrious GAI,43,Random,10,187,80,15,90,2,AI,0.06320862353741911,0.5605030130784867,0.000185661763086431,-0.23677853202210844,nan,nan,nan,61,0.305
Spawrious GAI,43,Random,11,187,80,15,90,2,AI,0.06320862353741911,0.5605030130784867,0.000185661763086431,-0.23677853202210844,nan,nan,nan,74,0.37
Spawrious GAI,43,Random,12,187,80,15,90,2,AI,0.06320862353741911,0.5605030130784867,0.000185661763086431,-0.23677853202210844,nan,nan,nan,75,0.375
Spawrious GAI,43,Random,13,187,80,15,90,2,AI,0.06320862353741911,0.5605030130784867,0.000185661763086431,-0.23677853202210844,nan,nan,nan,71,0.355
Spawrious GAI,43,Random,14,187,80,15,90,2,AI,0.06320862353741911,0.5605030130784867,0.000185661763086431,-0.23677853202210844,nan,nan,nan,78,0.39
Spawrious GAI,43,Random,15,187,80,15,90,2,AI,0.06320862353741911,0.5605030130784867,0.000185661763086431,-0.23677853202210844,nan,nan,nan,73,0.365
Spawrious GAI,43,Random,16,187,80,15,90,2,AI,0.06320862353741911,0.5605030130784867,0.000185661763086431,-0.23677853202210844,nan,nan,nan,69,0.345
Spawrious GAI,43,Random,17,187,80,15,90,2,AI,0.06320862353741911,0.5605030130784867,0.000185661763086431,-0.23677853202210844,nan,nan,nan,68,0.34
Spawrious GAI,43,Random,18,187,80,15,90,2,AI,0.06320862353741911,0.5605030130784867,0.000185661763086431,-0.23677853202210844,nan,nan,nan,77,0.385
Spawrious GAI,43,Random,19,187,80,15,90,2,AI,0.06320862353741911,0.5605030130784867,0.000185661763086431,-0.23677853202210844,nan,nan,nan,69,0.345
Spawrious GAI,43,Random,20,187,80,15,90,2,AI,0.06320862353741911,0.5605030130784867,0.000185661763086431,-0.23677853202210844,nan,nan,nan,78,0.39
Spawrious GAI,43,Random,21,187,80,15,90,2,AI,0.06320862353741911,0.5605030130784867,0.000185661763086431,-0.23677853202210844,nan,nan,nan,80,0.4
Spawrious GAI,43,Random,22,187,80,15,90,2,AI,0.06320862353741911,0.5605030130784867,0.000185661763086431,-0.23677853202210844,nan,nan,nan,69,0.345
Spawrious GAI,43,Random,23,187,80,15,90,2,AI,0.06320862353741911,0.5605030130784867,0.000185661763086431,-0.23677853202210844,nan,nan,nan,70,0.35
Spawrious GAI,43,Random,24,208,110,5,85,8,AI,0.008251367829092518,0.6627099333829861,0.008084922684148621,0.08738402006519946,nan,nan,nan,80,0.4
Spawrious GAI,44,Random,0,155,120,5,20,10,AI,0.14655698028561434,0.5413141837994597,0.2911643266678039,0.3919831548048891,nan,nan,nan,72,0.36
Spawrious GAI,44,Random,1,175,120,40,5,10,CI,0.06640541199402906,0.1368794314333689,0.5779994831168469,0.2581988897471611,nan,nan,nan,66,0.33
Spawrious GAI,44,Random,2,185,170,5,5,5,AI,0.23819431300896743,0.6966251639135861,0.6966251639135861,0.4714285714285714,nan,nan,nan,66,0.33
Spawrious GAI,44,Random,3,185,170,5,5,5,AI,0.23819431300896743,0.6966251639135861,0.6966251639135861,0.4714285714285714,nan,nan,nan,69,0.345
Spawrious GAI,44,Random,4,185,5,5,170,5,AI,0.2381943130089674,0.6966251639135861,0.6966251639135861,-0.4714285714285714,nan,nan,nan,76,0.38
Spawrious GAI,44,Random,5,185,5,5,170,5,AI,0.2381943130089674,0.6966251639135861,0.6966251639135861,-0.4714285714285714,nan,nan,nan,88,0.44
Spawrious GAI,44,Random,6,170,10,30,120,10,SC,0.37738702568016325,0.21287341379873104,0.21287341379873104,-0.6730769230769231,nan,nan,nan,74,0.37
Spawrious GAI,44,Random,7,170,10,30,120,10,SC,0.37738702568016325,0.21287341379873104,0.21287341379873104,-0.6730769230769231,nan,nan,nan,75,0.375
Spawrious GAI,44,Random,8,182,80,80,20,2,CI,0.07959751890203881,0.007067356263695701,0.4681173971199768,-0.2680305108885629,nan,nan,nan,56,0.28
Spawrious GAI,44,Random,9,182,80,80,20,2,CI,0.07959751890203881,0.007067356263695701,0.4681173971199768,-0.2680305108885629,nan,nan,nan,60,0.3
Spawrious GAI,44,Random,10,187,80,15,90,2,AI,0.06320862353741911,0.5605030130784867,0.000185661763086431,-0.23677853202210844,nan,nan,nan,76,0.38
Spawrious GAI,44,Random,11,187,80,15,90,2,AI,0.06320862353741911,0.5605030130784867,0.000185661763086431,-0.23677853202210844,nan,nan,nan,66,0.33
Spawrious GAI,44,Random,12,187,80,15,90,2,AI,0.06320862353741911,0.5605030130784867,0.000185661763086431,-0.23677853202210844,nan,nan,nan,69,0.345
Spawrious GAI,44,Random,13,187,80,15,90,2,AI,0.06320862353741911,0.5605030130784867,0.000185661763086431,-0.23677853202210844,nan,nan,nan,68,0.34
Spawrious GAI,44,Random,14,187,80,15,90,2,AI,0.06320862353741911,0.5605030130784867,0.000185661763086431,-0.23677853202210844,nan,nan,nan,77,0.385
Spawrious GAI,44,Random,15,187,80,15,90,2,AI,0.06320862353741911,0.5605030130784867,0.000185661763086431,-0.23677853202210844,nan,nan,nan,66,0.33
Spawrious GAI,44,Random,16,187,80,15,90,2,AI,0.06320862353741911,0.5605030130784867,0.000185661763086431,-0.23677853202210844,nan,nan,nan,82,0.41
Spawrious GAI,44,Random,17,187,80,15,90,2,AI,0.06320862353741911,0.5605030130784867,0.000185661763086431,-0.23677853202210844,nan,nan,nan,66,0.33
Spawrious GAI,44,Random,18,187,80,15,90,2,AI,0.06320862353741911,0.5605030130784867,0.000185661763086431,-0.23677853202210844,nan,nan,nan,81,0.405
Spawrious GAI,44,Random,19,187,80,15,90,2,AI,0.06320862353741911,0.5605030130784867,0.000185661763086431,-0.23677853202210844,nan,nan,nan,75,0.375
Spawrious GAI,44,Random,20,187,80,15,90,2,AI,0.06320862353741911,0.5605030130784867,0.000185661763086431,-0.23677853202210844,nan,nan,nan,67,0.335
Spawrious GAI,44,Random,21,187,80,15,90,2,AI,0.06320862353741911,0.5605030130784867,0.000185661763086431,-0.23677853202210844,nan,nan,nan,82,0.41
Spawrious GAI,44,Random,22,187,80,15,90,2,AI,0.06320862353741911,0.5605030130784867,0.000185661763086431,-0.23677853202210844,nan,nan,nan,75,0.375
Spawrious GAI,44,Random,23,187,80,15,90,2,AI,0.06320862353741911,0.5605030130784867,0.000185661763086431,-0.23677853202210844,nan,nan,nan,67,0.335
Spawrious GAI,44,Random,24,208,110,5,85,8,AI,0.008251367829092518,0.6627099333829861,0.008084922684148621,0.08738402006519946,nan,nan,nan,81,0.405
Spawrious GAI,42,FedDiverse,0,155,120,5,20,10,AI,0.14655698028561434,0.5413141837994597,0.2911643266678039,0.3919831548048891,0.23606878266953785,0.24101229640300725,0.29116432955319405,41,0.20603015075376885
Spawrious GAI,42,FedDiverse,1,175,120,40,5,10,CI,0.06640541199402906,0.1368794314333689,0.5779994831168469,0.2581988897471611,0.1836934501754762,0.3137123262491166,0.5779994860022369,57,0.2864321608040201
Spawrious GAI,42,FedDiverse,2,185,170,5,5,5,AI,0.23819431300896743,0.6966251639135861,0.6966251639135861,0.4714285714285714,0.38840691136617733,0.5940229644098189,0.6966251667989762,39,0.19597989949748743
Spawrious GAI,42,FedDiverse,3,185,170,5,5,5,AI,0.23819431300896743,0.6966251639135861,0.6966251639135861,0.4714285714285714,0.06143991010634736,0.38678824719933924,0.6966251667989762,111,0.5577889447236181
Spawrious GAI,42,FedDiverse,4,185,5,5,170,5,AI,0.2381943130089674,0.6966251639135861,0.6966251639135861,-0.4714285714285714,0.0,1.000000001442695,0.6966251667989761,71,0.35678391959798994
Spawrious GAI,42,FedDiverse,5,185,5,5,170,5,AI,0.2381943130089674,0.6966251639135861,0.6966251639135861,-0.4714285714285714,0.0,1.000000001442695,0.6966251667989761,74,0.37185929648241206
Spawrious GAI,42,FedDiverse,6,170,10,30,120,10,SC,0.37738702568016325,0.21287341379873104,0.21287341379873104,-0.6730769230769231,0.32098806530926766,0.06858613190774943,0.21287341668412108,120,0.6030150753768844
Spawrious GAI,42,FedDiverse,7,170,10,30,120,10,SC,0.37738702568016325,0.21287341379873104,0.21287341379873104,-0.6730769230769231,0.09440599748265062,0.010007211327871413,0.21287341668412108,188,0.9447236180904522
Spawrious GAI,42,FedDiverse,8,182,80,80,20,2,CI,0.07959751890203881,0.007067356263695701,0.4681173971199768,-0.2680305108885629,0.11274397840224615,0.4227101007106142,0.46811740000536695,46,0.23115577889447236
Spawrious GAI,42,FedDiverse,9,182,80,80,20,2,CI,0.07959751890203881,0.007067356263695701,0.4681173971199768,-0.2680305108885629,0.0076093777593213155,0.3542476698937296,0.46811740000536695,120,0.6030150753768844
Spawrious GAI,42,FedDiverse,10,187,80,15,90,2,AI,0.06320862353741911,0.5605030130784867,0.000185661763086431,-0.23677853202210844,0.2859437192221607,0.02541919105430035,0.00018566464847658004,14,0.07035175879396985
Spawrious GAI,42,FedDiverse,11,187,80,15,90,2,AI,0.06320862353741911,0.5605030130784867,0.000185661763086431,-0.23677853202210844,0.5622890124234062,0.00018566464847658004,0.00018566464847658004,199,1.0
Spawrious GAI,42,FedDiverse,12,187,80,15,90,2,AI,0.06320862353741911,0.5605030130784867,0.000185661763086431,-0.23677853202210844,0.17371481221501658,0.03848498664721678,0.00018566464847658004,21,0.10552763819095477
Spawrious GAI,42,FedDiverse,13,187,80,15,90,2,AI,0.06320862353741911,0.5605030130784867,0.000185661763086431,-0.23677853202210844,0.3442819335551433,0.022582185357218343,0.00018566464847658004,160,0.8040201005025126
Spawrious GAI,42,FedDiverse,14,187,80,15,90,2,AI,0.06320862353741911,0.5605030130784867,0.000185661763086431,-0.23677853202210844,0.1226750318048647,0.019915513435937005,0.00018566464847658004,12,0.06030150753768844
Spawrious GAI,42,FedDiverse,15,187,80,15,90,2,AI,0.06320862353741911,0.5605030130784867,0.000185661763086431,-0.23677853202210844,0.2066527439701133,0.03160699652426935,0.00018566464847658004,13,0.06532663316582915
Spawrious GAI,42,FedDiverse,16,187,80,15,90,2,AI,0.06320862353741911,0.5605030130784867,0.000185661763086431,-0.23677853202210844,0.25610676064643273,0.08349702335468989,0.00018566464847658004,21,0.10552763819095477
Spawrious GAI,42,FedDiverse,17,187,80,15,90,2,AI,0.06320862353741911,0.5605030130784867,0.000185661763086431,-0.23677853202210844,0.11224601178236344,0.21287341668412108,0.00018566464847658004,43,0.21608040201005024
Spawrious GAI,42,FedDiverse,18,187,80,15,90,2,AI,0.06320862353741911,0.5605030130784867,0.000185661763086431,-0.23677853202210844,0.14546693086405155,0.3775911423062126,0.00018566464847658004,189,0.949748743718593
Spawrious GAI,42,FedDiverse,19,187,80,15,90,2,AI,0.06320862353741911,0.5605030130784867,0.000185661763086431,-0.23677853202210844,0.2333091847792859,0.08349702335468989,0.00018566464847658004,19,0.09547738693467336
Spawrious GAI,42,FedDiverse,20,187,80,15,90,2,AI,0.06320862353741911,0.5605030130784867,0.000185661763086431,-0.23677853202210844,0.3116497854519403,0.14718560152822913,0.00018566464847658004,28,0.1407035175879397
Spawrious GAI,42,FedDiverse,21,187,80,15,90,2,AI,0.06320862353741911,0.5605030130784867,0.000185661763086431,-0.23677853202210844,0.15173285004260112,0.3159615672463484,0.00018566464847658004,101,0.507537688442211
Spawrious GAI,42,FedDiverse,22,187,80,15,90,2,AI,0.06320862353741911,0.5605030130784867,0.000185661763086431,-0.23677853202210844,0.2637855971007333,0.025419191054300128,0.00018566464847658004,16,0.08040201005025126
Spawrious GAI,42,FedDiverse,23,187,80,15,90,2,AI,0.06320862353741911,0.5605030130784867,0.000185661763086431,-0.23677853202210844,0.3093160614456729,0.025419191054300128,0.00018566464847658004,65,0.32663316582914576
Spawrious GAI,42,FedDiverse,24,208,110,5,85,8,AI,0.008251367829092518,0.6627099333829861,0.008084922684148621,0.08738402006519946,0.10407608830782375,0.03557377250256555,0.008084925569538548,23,0.11557788944723618
Spawrious GAI,43,FedDiverse,0,155,120,5,20,10,AI,0.14655698028561434,0.5413141837994597,0.2911643266678039,0.3919831548048891,0.07706479660053614,0.6548826879404372,0.29116432955319393,50,0.25125628140703515
Spawrious GAI,43,FedDiverse,1,175,120,40,5,10,CI,0.06640541199402906,0.1368794314333689,0.5779994831168469,0.2581988897471611,0.2590862467711425,0.21459222654267784,0.5779994860022369,39,0.19597989949748743
Spawrious GAI,43,FedDiverse,2,185,170,5,5,5,AI,0.23819431300896743,0.6966251639135861,0.6966251639135861,0.4714285714285714,0.3019352738671171,0.7430303389349727,0.6966251667989762,42,0.21105527638190955
Spawrious GAI,43,FedDiverse,3,185,170,5,5,5,AI,0.23819431300896743,0.6966251639135861,0.6966251639135861,0.4714285714285714,0.11447659950660273,0.42864502845743524,0.6966251667989762,69,0.34673366834170855
Spawrious GAI,43,FedDiverse,4,185,5,5,170,5,AI,0.2381943130089674,0.6966251639135861,0.6966251639135861,-0.4714285714285714,0.0,1.000000001442695,0.6966251667989761,76,0.38190954773869346
Spawrious GAI,43,FedDiverse,5,185,5,5,170,5,AI,0.2381943130089674,0.6966251639135861,0.6966251639135861,-0.4714285714285714,0.008341116005652608,0.22720736894214622,0.6966251667989762,172,0.864321608040201
Spawrious GAI,43,FedDiverse,6,170,10,30,120,10,SC,0.37738702568016325,0.21287341379873104,0.21287341379873104,-0.6730769230769231,0.16831302891167024,0.006399261256831212,0.21287341668412108,123,0.6180904522613065
Spawrious GAI,43,FedDiverse,7,170,10,30,120,10,SC,0.37738702568016325,0.21287341379873104,0.21287341379873104,-0.6730769230769231,0.14894938169984076,9.98456759018218e-05,0.21287341668412108,185,0.9296482412060302
Spawrious GAI,43,FedDiverse,8,182,80,80,20,2,CI,0.07959751890203881,0.007067356263695701,0.4681173971199768,-0.2680305108885629,0.4783412021993447,0.5705380308382845,0.46811740000536683,43,0.21608040201005024
Spawrious GAI,43,FedDiverse,9,182,80,80,20,2,CI,0.07959751890203881,0.007067356263695701,0.4681173971199768,-0.2680305108885629,0.3761324338787504,0.30524291606908993,0.46811740000536695,58,0.2914572864321608
Spawrious GAI,43,FedDiverse,10,187,80,15,90,2,AI,0.06320862353741911,0.5605030130784867,0.000185661763086431,-0.23677853202210844,0.2265767035263454,0.14718560152822913,0.00018566464847658004,21,0.10552763819095477
Spawrious GAI,43,FedDiverse,11,187,80,15,90,2,AI,0.06320862353741911,0.5605030130784867,0.000185661763086431,-0.23677853202210844,0.2919208306340866,0.05011125071107403,0.00018566464847658004,13,0.06532663316582915
Spawrious GAI,43,FedDiverse,12,187,80,15,90,2,AI,0.06320862353741911,0.5605030130784867,0.000185661763086431,-0.23677853202210844,0.1884923794008556,0.13992765857631506,0.00018566464847658004,17,0.08542713567839195
Spawrious GAI,43,FedDiverse,13,187,80,15,90,2,AI,0.06320862353741911,0.5605030130784867,0.000185661763086431,-0.23677853202210844,0.36327556769307484,0.04218490620433524,0.00018566464847658004,12,0.06030150753768844
Spawrious GAI,43,FedDiverse,14,187,80,15,90,2,AI,0.06320862353741911,0.5605030130784867,0.000185661763086431,-0.23677853202210844,0.49321403460018715,0.0005157693470172475,0.00018566464847658004,199,1.0
Spawrious GAI,43,FedDiverse,15,187,80,15,90,2,AI,0.06320862353741911,0.5605030130784867,0.000185661763086431,-0.23677853202210844,0.38392870910957794,0.034959309912308445,0.00018566464847658004,154,0.7738693467336684
Spawrious GAI,43,FedDiverse,16,187,80,15,90,2,AI,0.06320862353741911,0.5605030130784867,0.000185661763086431,-0.23677853202210844,0.041725646392877826,0.47744062834844925,0.00018566464847658004,190,0.9547738693467337
Spawrious GAI,43,FedDiverse,17,187,80,15,90,2,AI,0.06320862353741911,0.5605030130784867,0.000185661763086431,-0.23677853202210844,0.0618700407885567,0.12601895475803226,0.00018566464847658004,110,0.5527638190954773
Spawrious GAI,43,FedDiverse,18,187,80,15,90,2,AI,0.06320862353741911,0.5605030130784867,0.000185661763086431,-0.23677853202210844,0.14162677103516602,0.03848498664721678,0.00018566464847658004,18,0.09045226130653267
Spawrious GAI,43,FedDiverse,19,187,80,15,90,2,AI,0.06320862353741911,0.5605030130784867,0.000185661763086431,-0.23677853202210844,0.08066338721880771,0.06333262100782744,0.00018566464847658004,20,0.10050251256281408
Spawrious GAI,43,FedDiverse,20,187,80,15,90,2,AI,0.06320862353741911,0.5605030130784867,0.000185661763086431,-0.23677853202210844,0.2409041573011555,0.04218490620433524,0.00018566464847658004,23,0.11557788944723618
Spawrious GAI,43,FedDiverse,21,187,80,15,90,2,AI,0.06320862353741911,0.5605030130784867,0.000185661763086431,-0.23677853202210844,0.21140404722214617,0.31596156724634816,0.00018566464847658004,36,0.18090452261306533
Spawrious GAI,43,FedDiverse,22,187,80,15,90,2,AI,0.06320862353741911,0.5605030130784867,0.000185661763086431,-0.23677853202210844,0.3067276398383359,0.08349702335468989,0.00018566464847658004,27,0.135678391959799
Spawrious GAI,43,FedDiverse,23,187,80,15,90,2,AI,0.06320862353741911,0.5605030130784867,0.000185661763086431,-0.23677853202210844,0.4463079565525889,0.046059999561421816,0.00018566464847658004,60,0.3015075376884422
Spawrious GAI,43,FedDiverse,24,208,110,5,85,8,AI,0.008251367829092518,0.6627099333829861,0.008084922684148621,0.08738402006519946,0.25156440286618614,0.024211793054062958,0.008084925569538548,34,0.1708542713567839
Spawrious GAI,44,FedDiverse,0,155,120,5,20,10,AI,0.14655698028561434,0.5413141837994597,0.2911643266678039,0.3919831548048891,0.15602370657762696,0.18617548129132055,0.29116432955319393,32,0.16080402010050251
Spawrious GAI,44,FedDiverse,1,175,120,40,5,10,CI,0.06640541199402906,0.1368794314333689,0.5779994831168469,0.2581988897471611,0.2023754960204374,0.4083272243030627,0.577999486002237,43,0.21608040201005024
Spawrious GAI,44,FedDiverse,2,185,170,5,5,5,AI,0.23819431300896743,0.6966251639135861,0.6966251639135861,0.4714285714285714,0.174951403702003,0.7193714607104029,0.6966251667989762,45,0.22613065326633167
Spawrious GAI,44,FedDiverse,3,185,170,5,5,5,AI,0.23819431300896743,0.6966251639135861,0.6966251639135861,0.4714285714285714,0.022947561830841977,0.32348334227315334,0.6966251667989762,180,0.9045226130653267
Spawrious GAI,44,FedDiverse,4,185,5,5,170,5,AI,0.2381943130089674,0.6966251639135861,0.6966251639135861,-0.4714285714285714,0.0,1.000000001442695,0.6966251667989761,86,0.4321608040201005
Spawrious GAI,44,FedDiverse,5,185,5,5,170,5,AI,0.2381943130089674,0.6966251639135861,0.6966251639135861,-0.4714285714285714,0.0,1.000000001442695,0.6966251667989761,85,0.4271356783919598
Spawrious GAI,44,FedDiverse,6,170,10,30,120,10,SC,0.37738702568016325,0.21287341379873104,0.21287341379873104,-0.6730769230769231,0.15443737394397222,0.03259453769205456,0.21287341668412119,185,0.9296482412060302
Spawrious GAI,44,FedDiverse,7,170,10,30,120,10,SC,0.37738702568016325,0.21287341379873104,0.21287341379873104,-0.6730769230769231,0.2633030553078358,0.05347978132204623,0.21287341668412108,118,0.592964824120603
Spawrious GAI,44,FedDiverse,8,182,80,80,20,2,CI,0.07959751890203881,0.007067356263695701,0.4681173971199768,-0.2680305108885629,0.22005325205115162,0.2824893497658464,0.46811740000536683,46,0.23115577889447236
Spawrious GAI,44,FedDiverse,9,182,80,80,20,2,CI,0.07959751890203881,0.007067356263695701,0.4681173971199768,-0.2680305108885629,0.21141161442716933,0.27152729994184,0.46811740000536683,52,0.2613065326633166
Spawrious GAI,44,FedDiverse,10,187,80,15,90,2,AI,0.06320862353741911,0.5605030130784867,0.000185661763086431,-0.23677853202210844,0.36620286925297474,0.03160699652426935,0.00018566464847658004,195,0.9798994974874372
Spawrious GAI,44,FedDiverse,11,187,80,15,90,2,AI,0.06320862353741911,0.5605030130784867,0.000185661763086431,-0.23677853202210844,0.11674458989360145,0.05433969828474994,0.00018566464847658004,22,0.11055276381909548
Spawrious GAI,44,FedDiverse,12,187,80,15,90,2,AI,0.06320862353741911,0.5605030130784867,0.000185661763086431,-0.23677853202210844,0.41456290767029663,0.058746437295576825,0.00018566464847658004,47,0.23618090452261306
Spawrious GAI,44,FedDiverse,13,187,80,15,90,2,AI,0.06320862353741911,0.5605030130784867,0.000185661763086431,-0.23677853202210844,0.04733423638382201,0.4182876288165861,0.00018566464847658004,195,0.9798994974874372
Spawrious GAI,44,FedDiverse,14,187,80,15,90,2,AI,0.06320862353741911,0.5605030130784867,0.000185661763086431,-0.23677853202210844,0.11046045124032143,0.14718560152822913,0.00018566464847658004,27,0.135678391959799
Spawrious GAI,44,FedDiverse,15,187,80,15,90,2,AI,0.06320862353741911,0.5605030130784867,0.000185661763086431,-0.23677853202210844,0.13516758707224014,0.04218490620433524,0.00018566464847658004,14,0.07035175879396985
Spawrious GAI,44,FedDiverse,16,187,80,15,90,2,AI,0.06320862353741911,0.5605030130784867,0.000185661763086431,-0.23677853202210844,0.015976512941059767,0.06333262100782744,0.00018566464847658004,37,0.18592964824120603
Spawrious GAI,44,FedDiverse,17,187,80,15,90,2,AI,0.06320862353741911,0.5605030130784867,0.000185661763086431,-0.23677853202210844,0.33942251436313875,0.03160699652426935,0.00018566464847658004,144,0.7236180904522613
Spawrious GAI,44,FedDiverse,18,187,80,15,90,2,AI,0.06320862353741911,0.5605030130784867,0.000185661763086431,-0.23677853202210844,0.2898206611632466,0.06333262100782744,0.00018566464847658004,11,0.05527638190954774
Spawrious GAI,44,FedDiverse,19,187,80,15,90,2,AI,0.06320862353741911,0.5605030130784867,0.000185661763086431,-0.23677853202210844,0.12084420790077607,0.04218490620433524,0.00018566464847658004,21,0.10552763819095477
Spawrious GAI,44,FedDiverse,20,187,80,15,90,2,AI,0.06320862353741911,0.5605030130784867,0.000185661763086431,-0.23677853202210844,0.04372169802903032,0.24120189479360332,0.00018566464847658004,117,0.5879396984924623
Spawrious GAI,44,FedDiverse,21,187,80,15,90,2,AI,0.06320862353741911,0.5605030130784867,0.000185661763086431,-0.23677853202210844,0.17371481221501658,0.03848498664721678,0.00018566464847658004,24,0.12060301507537688
Spawrious GAI,44,FedDiverse,22,187,80,15,90,2,AI,0.06320862353741911,0.5605030130784867,0.000185661763086431,-0.23677853202210844,0.1316286869956879,0.028427217102794722,0.00018566464847658004,17,0.08542713567839195
Spawrious GAI,44,FedDiverse,23,187,80,15,90,2,AI,0.06320862353741911,0.5605030130784867,0.000185661763086431,-0.23677853202210844,0.11354764684205265,0.3044953164549662,0.00018566464847658004,22,0.11055276381909548
Spawrious GAI,44,FedDiverse,24,208,110,5,85,8,AI,0.008251367829092518,0.6627099333829861,0.008084922684148621,0.08738402006519946,0.128427045375756,0.042093914819254286,0.008084925569538548,26,0.1306532663316583
